ID,Name_lang,Description_lang,ToastDescription_lang,CovenantID,Level,Icon,Flags,UiOrder,ItemID,SpellID,MountID,TransmogID,TransmogSetID,CharTitlesID,GarrFollowerID,TransmogIllusionID,QuestID,PlayerConditionID
18,,You may speak with Watcher Vesperbloom to recruit this adventurer.,New Adventurer Available,3,4,0,0,0,0,0,0,0,0,0,1283,0,64508,0
19,Soulbind Upgrade: Niya,You may access Niya's third row of Soulbind traits.,Niya Soulbind Row Unlocked,3,3,3684884,2,0,0,0,0,0,0,0,0,0,64508,0
22,Soulbind Upgrade: Niya,You may access Niya's fourth row of Soulbind traits.,Niya Soulbind Row Unlocked,3,7,3684884,2,0,0,0,0,0,0,0,0,0,64508,0
23,,You may speak with Watcher Vesperbloom to recruit this adventurer.,New Adventurer Available,3,12,0,0,0,0,0,0,0,0,0,1285,0,64508,0
25,Soulbind Upgrade: Dreamweaver,You may access Dreamweaver's fourth row of Soulbind traits.,Dreamweaver Soulbind Row Unlocked,3,9,3684882,2,0,0,0,0,0,0,0,0,0,64508,0
28,Soulbind Upgrade: Dreamweaver,You may access Dreamweaver's fifth row of Soulbind traits.,Dreamweaver Soulbind Row Unlocked,3,13,3684882,2,1,0,0,0,0,0,0,0,0,0,0
29,,This recovered memory will become available for purchase from the Renown Quartermaster.,New Recovered Memory Available,3,14,0,0,0,183249,0,0,0,0,0,0,0,64508,0
31,Soulbind Upgrade: Niya,You may access Niya's fifth row of Soulbind traits.,Niya Soulbind Row Unlocked,3,10,3684884,2,0,0,0,0,0,0,0,0,0,64508,0
32,,You may speak with Watcher Vesperbloom to recruit this adventurer.,New Adventurer Available,3,17,0,0,1,0,0,0,0,0,0,1284,0,0,0
33,World Quest Rewards,The item level of your World Quest rewards is increased.,World Quest Max Item Level Increased,3,10,236668,0,1,0,0,0,0,0,0,0,0,63220,88686
35,,,New Appearance Available,3,6,0,0,0,0,0,0,113562,0,0,0,0,64508,0
36,,Illusion: Wild Soul will become available for purchase from the Renown Quartermaster.,Illusion: Wild Soul Available,3,36,0,0,0,0,0,0,0,0,0,0,71,64508,0
37,,The Night Fae Hearthstone toy will become available for purchase from the Renown Quartermaster.,Night Fae Hearthstone Available,3,11,0,0,1,180290,0,0,0,0,0,0,0,0,0
39,Night Fae Campaign: Drust and Ashes,You may begin the next chapter of the Night Fae Campaign. Completing this chapter will allow you to soulbind with Hunt-Captain Korayn.,New Campaign Quest Available,3,22,1500884,1,0,0,0,0,0,0,0,0,0,64508,0
40,,Trootie will become available for adoption from the Renown Quartermaster.,Companion Pet Available,3,27,0,0,1,182663,0,0,0,0,0,0,0,0,0
41,Soulbind Upgrade: Niya,You may access Niya's sixth row of Soulbind traits.,Niya Soulbind Row Unlocked,3,18,3684884,2,0,0,0,0,0,0,0,0,0,64508,0
42,,You may speak with Watcher Vesperbloom to recruit this adventurer.,New Adventurer Available,3,27,0,0,0,0,0,0,0,0,0,1286,0,64508,0
43,,These appearances will become available for purchase from the Renown Quartermaster:|n- Wrist|n- Hands|n- Waist,New Appearances Available,3,16,0,0,1,0,0,0,0,2086,0,0,0,64508,0
44,,These appearances will become available for purchase from the Renown Quartermaster:|n- Back|n- Legs|n- Feet,New Appearances Available,3,26,0,0,0,0,0,0,0,2087,0,0,0,64508,0
45,,These appearances will become available for purchase from the Renown Quartermaster:|n- Head|n- Shoulders|n- Chest,New Appearances Available,3,32,0,0,1,0,0,0,0,2089,0,0,0,64508,0
48,Soulbind Upgrade: Dreamweaver,You may access Dreamweaver's sixth row of Soulbind traits.,Dreamweaver Soulbind Row Unlocked,3,21,3684882,2,0,0,0,0,0,0,0,0,0,64508,0
50,World Quest Rewards,The item level of your World Quest rewards is increased.,World Quest Max Item Level Increased,3,19,236668,0,1,0,0,0,0,0,0,0,0,63221,88687
51,Soulbind Upgrade: Niya,You may access Niya's seventh row of Soulbind traits.,Niya Soulbind Row Unlocked,3,25,3684884,2,0,0,0,0,0,0,0,0,0,64508,0
52,Soulbind Upgrade: Dreamweaver,You may access Dreamweaver's seventh row of Soulbind traits.,Dreamweaver Soulbind Row Unlocked,3,29,3684882,2,0,0,0,0,0,0,0,0,0,64508,0
53,,You may speak with Watcher Vesperbloom to recruit her.,New Adventurer Available,3,33,0,0,0,0,0,0,0,0,0,1287,0,64508,0
55,Soulbind Upgrade: Korayn,You may access Koryan's seventh row of Soulbind traits.,Korayn Soulbind Row Unlocked,3,28,3684885,2,0,0,0,0,0,0,0,0,0,64508,0
59,,You may speak with Watcher Vesperbloom to recruit this adventurer.,New Adventurer Available,3,38,0,0,0,0,0,0,0,0,0,1288,0,64508,0
62,,,Mount Unlocked,3,39,0,0,0,0,0,1357,0,0,0,0,0,62415,0
63,,,Title Unlocked,3,40,3641394,1,0,0,0,0,0,0,681,0,0,64508,0
64,,,New Appearance Available,3,34,0,0,0,0,0,0,113566,0,0,0,0,0,0
67,,You may speak with Koros to recruit this adventurer.,New Adventurer Available,1,4,0,0,0,0,0,0,0,0,0,1270,0,0,85540
68,,You may speak with Koros to recruit this adventurer.,New Adventurer Available,1,4,0,0,0,0,0,0,0,0,0,1271,0,0,85541
69,Soulbind Upgrade: Pelagos,You may access Pelagos's third row of Soulbind traits.,Pelagos Soulbind Row Unlocked,1,3,3684898,2,0,0,0,0,0,0,0,0,0,64508,0
75,World Quest Rewards,The item level of your World Quest rewards is increased.,World Quest Max Item Level Increased,1,10,236668,0,1,0,0,0,0,0,0,0,0,63220,88686
78,World Quest Rewards,The item level of your World Quest rewards is increased.,World Quest Max Item Level Increased,1,19,236668,0,1,0,0,0,0,0,0,0,0,63221,88687
81,Soulbind Upgrade: Pelagos,You may access Pelagos's fourth row of Soulbind traits.,Pelagos Soulbind Row Unlocked,1,7,3684898,2,0,0,0,0,0,0,0,0,0,64508,0
82,Soulbind Upgrade: Pelagos,You may access Pelagos's fifth row of Soulbind traits.,Pelagos Soulbind Row Unlocked,1,10,3684898,2,0,0,0,0,0,0,0,0,0,64508,0
83,Soulbind Upgrade: Pelagos,You may access Pelagos's sixth row of Soulbind traits.,Pelagos Soulbind Row Unlocked,1,21,3684898,2,0,0,0,0,0,0,0,0,0,64508,0
84,Soulbind Upgrade: Pelagos,You may access Pelagos's seventh row of Soulbind traits.,Pelagos Soulbind Row Unlocked,1,25,3684898,2,0,0,0,0,0,0,0,0,0,64508,0
85,Soulbind Upgrade: Kleia,You may access Kleia's fourth row of Soulbind traits.,Kleia Soulbind Row Unlocked,1,9,3684897,2,0,0,0,0,0,0,0,0,0,64508,0
86,Soulbind Upgrade: Kleia,You may access Kleia's fifth row of Soulbind traits.,Kleia Soulbind Row Unlocked,1,13,3684897,2,1,0,0,0,0,0,0,0,0,0,0
87,Soulbind Upgrade: Kleia,You may access Kleia's sixth row of Soulbind traits.,Kleia Soulbind Row Unlocked,1,18,3684897,2,0,0,0,0,0,0,0,0,0,64508,0
88,Soulbind Upgrade: Kleia,You may access Kleia's seventh row of Soulbind traits.,Kleia Soulbind Row Unlocked,1,28,3684897,2,0,0,0,0,0,0,0,0,0,64508,0
90,Soulbind Upgrade: Mikanikos,You may access Mikanikos's seventh row of Soulbind traits.,Mikanikos Soulbind Row Unlocked,1,29,3684894,2,0,0,0,0,0,0,0,0,0,64508,0
91,,You may speak with Koros to recruit this adventurer.,New Adventurer Available,1,12,0,0,0,0,0,0,0,0,0,1272,0,64508,0
92,,You may speak with Koros to recruit this adventurer.,New Adventurer Available,1,17,0,0,1,0,0,0,0,0,0,1273,0,0,0
93,,You may speak with Koros to recruit this adventurer.,New Adventurer Available,1,27,0,0,0,0,0,0,0,0,0,1276,0,64508,0
94,,You may speak with Koros to recruit this adventurer.,New Adventurer Available,1,33,0,0,0,0,0,0,0,0,0,1275,0,64508,0
95,,You may speak with Koros to recruit this adventurer.,New Adventurer Available,1,38,0,0,0,0,0,0,0,0,0,1274,0,64508,0
100,,This recovered memory will become available for purchase from the Renown Quartermaster.,New Recovered Memory Available,1,14,0,0,0,183249,0,0,0,0,0,0,0,64508,0
103,,Ruffle will become available for adoption from the Renown Quartermaster.,Companion Pet Available,1,27,0,0,1,184350,0,0,0,0,0,0,0,0,0
104,,These appearances will become available for purchase from the Renown Quartermaster:|n- Wrist|n- Hands|n- Waist,New Appearances Available,1,16,0,0,1,0,0,0,0,2124,0,0,0,64508,0
105,,These appearances will become available for purchase from the Renown Quartermaster:|n- Back|n- Legs|n- Feet,New Appearances Available,1,26,0,0,0,0,0,0,0,2125,0,0,0,64508,0
106,,These appearances will become available for purchase from the Renown Quartermaster:|n- Head|n- Shoulders|n- Chest,New Appearances Available,1,32,0,0,1,0,0,0,0,2126,0,0,0,64508,0
108,,,New Appearance Available,1,34,0,0,0,0,0,0,113552,0,0,0,0,0,0
109,,,Mount Unlocked,1,39,0,0,0,0,0,1399,0,0,0,0,0,62927,0
110,,,Title Unlocked,1,40,3641395,1,0,0,0,0,0,0,678,0,0,64508,0
112,,,New Appearance Available,1,6,0,0,0,0,0,0,113546,0,0,0,0,64508,0
113,,The Kyrian Hearthstone toy will become available for purchase from the Renown Quartermaster.,Kyrian Hearthstone Available,1,11,0,0,1,184353,0,0,0,0,0,0,0,0,0
114,,Illusion: Transcendent Soul will become available for purchase from the Renown Quartermaster.,Illusion: Transcendent Soul Available,1,36,0,0,0,0,0,0,0,0,0,0,66,64508,0
117,Soulbind Upgrade: Nadjia,You may access Nadjia's third row of Soulbind traits.,Nadjia Soulbind Row Unlocked,2,3,3485243,2,0,0,0,0,0,0,0,0,0,64508,0
118,Soulbind Upgrade: Nadjia,You may access Nadjia's fourth row of Soulbind traits.,Nadjia Soulbind Row Unlocked,2,7,3485243,2,0,0,0,0,0,0,0,0,0,64508,0
119,Soulbind Upgrade: Nadjia,You may access Nadjia's fifth row of Soulbind traits.,Nadjia Soulbind Row Unlocked,2,10,3485243,2,0,0,0,0,0,0,0,0,0,64508,0
120,Soulbind Upgrade: Nadjia,You may access Nadjia's sixth row of Soulbind traits.,Nadjia Soulbind Row Unlocked,2,21,3485243,2,0,0,0,0,0,0,0,0,0,64508,0
121,Soulbind Upgrade: Nadjia,You may access Nadjia's seventh row of Soulbind traits.,Nadjia Soulbind Row Unlocked,2,25,3485243,2,0,0,0,0,0,0,0,0,0,64508,0
123,Soulbind Upgrade: Theotar,You may access Theotar's fourth row of Soulbind traits.,Theotar Soulbind Row Unlocked,2,9,3485244,2,0,0,0,0,0,0,0,0,0,64508,0
124,Soulbind Upgrade: Theotar,You may access Theotar's fifth row of Soulbind traits.,Theotar Soulbind Row Unlocked,2,13,3485244,2,1,0,0,0,0,0,0,0,0,0,0
125,Soulbind Upgrade: Theotar,You may access Theotar's sixth row of Soulbind traits.,Theotar Soulbind Row Unlocked,2,18,3485244,2,0,0,0,0,0,0,0,0,0,64508,0
126,Soulbind Upgrade: Theotar,You may access Theotar's seventh row of Soulbind traits.,Theotar Soulbind Row Unlocked,2,28,3485244,2,0,0,0,0,0,0,0,0,0,64508,0
128,Soulbind Upgrade: Draven,You may access General Draven's seventh row of Soulbind traits.,Draven Soulbind Row Unlocked,2,29,3485245,2,0,0,0,0,0,0,0,0,0,64508,0
129,,You may speak with Tactician Sakaa to recruit this adventurer.,New Adventurer Available,2,4,0,0,0,0,0,0,0,0,0,1250,0,64508,0
130,,You may speak with Tactician Sakaa to recruit this adventurer.,New Adventurer Available,2,12,0,0,0,0,0,0,0,0,0,1251,0,64508,0
131,,You may speak with Tactician Sakaa to recruit this adventurer.,New Adventurer Available,2,17,0,0,1,0,0,0,0,0,0,1252,0,0,0
132,,You may speak with Tactician Sakaa to recruit this adventurer.,New Adventurer Available,2,27,0,0,0,0,0,0,0,0,0,1254,0,64508,0
133,,You may speak with Tactician Sakaa to recruit this adventurer.,New Adventurer Available,2,33,0,0,0,0,0,0,0,0,0,1255,0,64508,0
134,,You may speak with Tactician Sakaa to recruit this adventurer.,New Adventurer Available,2,38,0,0,0,0,0,0,0,0,0,1253,0,64508,0
139,World Quest Rewards,The item level of your World Quest rewards is increased.,World Quest Max Item Level Increased,2,10,236668,0,1,0,0,0,0,0,0,0,0,63220,88686
142,World Quest Rewards,The item level of your World Quest rewards is increased.,World Quest Max Item Level Increased,2,19,236668,0,1,0,0,0,0,0,0,0,0,63221,88687
149,,This recovered memory will become available for purchase from the Renown Quartermaster.,New Recovered Memory Available,2,14,0,0,0,183249,0,0,0,0,0,0,0,64508,0
152,,This appearance will become available for purchase.,New Appearance Available,2,6,0,0,0,0,0,0,114934,0,0,0,0,64508,0
153,,These appearances will become available for purchase from the Renown Quartermaster:|n- Wrist|n- Hands|n- Waist,New Appearances Available,2,16,0,0,1,0,0,0,0,2099,0,0,0,64508,0
154,,These appearances will become available for purchase from the Renown Quartermaster:|n- Back|n- Legs|n- Feet,New Appearances Available,2,26,0,0,0,0,0,0,0,2100,0,0,0,64508,0
155,,These appearances will become available for purchase from the Renown Quartermaster:|n- Head|n- Shoulders|n- Chest,New Appearances Available,2,32,0,0,1,0,0,0,0,2101,0,0,0,64508,0
156,,,New Appearance Available,2,34,0,0,0,0,0,0,114927,0,0,0,0,0,0
158,,,Mount Unlocked,2,39,0,0,0,0,0,1388,0,0,0,0,0,62925,0
159,,,Title Unlocked,2,40,3641397,1,0,0,0,0,0,0,682,0,0,0,88267
160,,,Title Unlocked,2,40,3641397,1,0,0,0,0,0,0,683,0,0,64508,88266
161,,Sinheart will become available for adoption from the Renown Quartermaster.,Companion Pet Available,2,27,0,0,1,181555,0,0,0,0,0,0,0,0,0
162,,Illusion: Sinwrath will become available for purchase from the Renown Quartermaster.,Illusion: Sinwrath Available,2,36,0,0,0,0,0,0,0,0,0,0,67,64508,0
163,,The Venthyr Sinstone toy will become available for purchase from the Renown Quartermaster.,Venthyr Sinstone Available,2,11,0,0,1,183716,0,0,0,0,0,0,0,0,0
166,Soulbind Upgrade: Marileth,You may access Plague Deviser Marileth's third row of Soulbind traits.,Marileth Soulbind Row Unlocked,4,3,3684879,2,0,0,0,0,0,0,0,0,0,64508,0
167,Soulbind Upgrade: Marileth,You may access Plague Deviser Marileth's fourth row of Soulbind traits.,Marileth Soulbind Row Unlocked,4,9,3684879,2,0,0,0,0,0,0,0,0,0,64508,0
168,Soulbind Upgrade: Marileth,You may access Plague Deviser Marileth's fifth row of Soulbind traits.,Marileth Soulbind Row Unlocked,4,10,3684879,2,0,0,0,0,0,0,0,0,0,64508,0
169,Soulbind Upgrade: Marileth,You may access Plague Deviser Marileth's sixth row of Soulbind traits.,Marileth Soulbind Row Unlocked,4,21,3684879,2,0,0,0,0,0,0,0,0,0,64508,0
170,Soulbind Upgrade: Marileth,You may access Plague Deviser Marileth's seventh row of Soulbind traits.,Marileth Soulbind Row Unlocked,4,25,3684879,2,0,0,0,0,0,0,0,0,0,64508,0
172,Soulbind Upgrade: Emeni,You may access Princess Emeni's fourth row of Soulbind traits.,Emeni Soulbind Row Unlocked,4,7,3684875,2,0,0,0,0,0,0,0,0,0,64508,0
173,Soulbind Upgrade: Emeni,You may access Princess Emeni's fifth row of Soulbind traits.,Emeni Soulbind Row Unlocked,4,13,3684875,2,1,0,0,0,0,0,0,0,0,0,0
174,Soulbind Upgrade: Emeni,You may access Princess Emeni's sixth row of Soulbind traits.,Emeni Soulbind Row Unlocked,4,18,3684875,2,0,0,0,0,0,0,0,0,0,64508,0
175,Soulbind Upgrade: Emeni,You may access Princess Emeni's seventh row of Soulbind traits.,Emeni Soulbind Row Unlocked,4,28,3684875,2,0,0,0,0,0,0,0,0,0,64508,0
177,Soulbind Upgrade: Heirmir,You may access Bonesmith Heirmir's seventh row of Soulbind traits.,Heirmir Soulbind Row Unlocked,4,29,3684892,2,0,0,0,0,0,0,0,0,0,64508,0
183,World Quest Rewards,The item level of your World Quest rewards is increased.,World Quest Max Item Level Increased,4,10,236668,0,1,0,0,0,0,0,0,0,0,63220,88686
186,World Quest Rewards,The item level of your World Quest rewards is increased.,World Quest Max Item Level Increased,4,19,236668,0,1,0,0,0,0,0,0,0,0,63221,88687
193,,You may speak with Merick Feldscar to recruit this adventurer.,New Adventurer Available,4,4,0,0,0,0,0,0,0,0,0,1300,0,64508,0
194,,You may speak with Merick Feldscar to recruit this adventurer.,New Adventurer Available,4,12,0,0,0,0,0,0,0,0,0,1301,0,64508,0
195,,You may speak with Merick Feldscar to recruit this adventurer.,New Adventurer Available,4,17,0,0,1,0,0,0,0,0,0,1302,0,0,0
196,,You may speak with Merick Feldscar to recruit this adventurer.,New Adventurer Available,4,27,0,0,0,0,0,0,0,0,0,1303,0,64508,0
197,,You may speak with Merick Feldscar to recruit this adventurer.,New Adventurer Available,4,33,0,0,0,0,0,0,0,0,0,1304,0,64508,0
198,,You may speak with Merick Feldscar to recruit this adventurer.,New Adventurer Available,4,38,0,0,0,0,0,0,0,0,0,1305,0,64508,0
199,,This recovered memory will become available for purchase from the Renown Quartermaster.,New Recovered Memory Available,4,14,0,0,0,183249,0,0,0,0,0,0,0,64508,0
202,,,New Appearance Available,4,6,0,0,0,0,0,0,113745,0,0,0,0,64508,0
203,,,New Appearance Available,4,34,0,0,0,0,0,0,113749,0,0,0,0,0,0
204,,Illusion: Unbreakable Resolve will become available for purchase from the Renown Quartermaster.,Illusion: Unbreakable Resolve Available,4,36,0,0,0,0,0,0,0,0,0,0,70,64508,0
205,,The Necrolord Hearthstone toy will become available for purchase from the Renown Quartermaster.,Necrolord Hearthstone Available,4,11,0,0,1,182773,0,0,0,0,0,0,0,0,0
206,,Jiggles will become available for adoption from the Renown Quartermaster.,Companion Pet Available,4,27,0,0,1,183601,0,0,0,0,0,0,0,0,0
207,,These appearances will become available for purchase from the Renown Quartermaster:|n- Wrist|n- Hands|n- Waist,New Appearances Available,4,16,0,0,1,0,0,0,0,2111,0,0,0,64508,0
208,,These appearances will become available for purchase from the Renown Quartermaster:|n- Back|n- Legs|n- Feet,New Appearances Available,4,26,0,0,0,0,0,0,0,2112,0,0,0,64508,0
209,,These appearances will become available for purchase from the Renown Quartermaster:|n- Head|n- Shoulders|n- Chest,New Appearances Available,4,32,0,0,1,0,0,0,0,2113,0,0,0,64508,0
210,,,Mount Unlocked,4,39,0,0,0,0,0,1369,0,0,0,0,0,62926,0
212,,,Title Unlocked,4,40,3641396,1,0,0,0,0,0,0,679,0,0,0,88267
213,,,Title Unlocked,4,40,3641396,1,0,0,0,0,0,0,680,0,0,64508,88266
216,,This mount will become available for purchase from the Renown Quartermaster.,New Mount Available,3,23,0,0,0,0,0,1354,0,0,0,0,0,64508,0
225,Kyrian Campaign: The Bell Tolls,You may begin the next chapter of the Kyrian Campaign. Completing this chapter will allow you to soulbind with Forgelite Prime Mikanikos.,New Campaign Quest Available,1,22,1500886,1,0,0,0,0,0,0,0,0,0,64508,0
226,Necrolord Campaign: Assault on the House of Rituals,You may begin the next chapter of the Necrolord Campaign. Completing this chapter will allow you to soulbind with Bonesmith Heirmir.,New Campaign Quest Available,4,22,1500887,1,0,0,0,0,0,0,0,0,0,64508,0
227,Venthyr Campaign: Dominion,You may begin the next chapter of the Venthyr Campaign. Completing this chapter will allow you to soulbind with General Draven.,New Campaign Quest Available,2,22,1500885,1,0,0,0,0,0,0,0,0,0,64508,0
228,,This mount will become available for purchase from the Renown Quartermaster.,New Mount Available,1,23,0,0,0,0,0,1398,0,0,0,0,0,64508,0
229,,This mount will become available for purchase from the Renown Quartermaster.,New Mount Available,4,23,0,0,0,0,0,1365,0,0,0,0,0,64508,0
230,,This mount will become available for purchase from the Renown Quartermaster.,New Mount Available,2,23,0,0,0,0,0,1384,0,0,0,0,0,64508,0
231,,These appearances will become available for purchase from the Renown Quartermaster:|n- Wrist|n- Hands|n- Waist,New Appearances Available,4,16,0,0,1,0,0,0,0,2114,0,0,0,0,0
232,,These appearances will become available for purchase from the Renown Quartermaster:|n- Wrist|n- Hands|n- Waist,New Appearances Available,4,16,0,0,1,0,0,0,0,2117,0,0,0,0,0
233,,These appearances will become available for purchase from the Renown Quartermaster:|n- Wrist|n- Hands|n- Waist,New Appearances Available,4,16,0,0,1,0,0,0,0,2120,0,0,0,0,0
234,,These appearances will become available for purchase from the Renown Quartermaster:|n- Wrist|n- Hands|n- Waist,New Appearances Available,3,16,0,0,1,0,0,0,0,2090,0,0,0,0,0
235,,These appearances will become available for purchase from the Renown Quartermaster:|n- Wrist|n- Hands|n- Waist,New Appearances Available,3,16,0,0,1,0,0,0,0,2093,0,0,0,0,0
236,,These appearances will become available for purchase from the Renown Quartermaster:|n- Wrist|n- Hands|n- Waist,New Appearances Available,3,16,0,0,1,0,0,0,0,2096,0,0,0,0,0
237,,"Your connection with the Night Fae grows, increasing Stamina by 2%.",Stamina Increased,3,2,0,0,0,0,344052,0,0,0,0,0,0,62745,0
238,,"Your connection with the Night Fae grows, increasing Stamina by 2%.",Stamina Increased,3,19,0,0,0,0,344053,0,0,0,0,0,0,62746,0
239,,"Your connection with the Night Fae grows, increasing Stamina by 2%.",Stamina Increased,3,35,0,0,0,0,344057,0,0,0,0,0,0,62747,0
240,,"Your connection with the Necrolords grows, increasing Stamina by 2%.",Stamina Increased,4,2,0,0,0,0,344076,0,0,0,0,0,0,62752,0
241,,"Your connection with the Necrolords grows, increasing Stamina by 2%.",Stamina Increased,4,19,0,0,0,0,344077,0,0,0,0,0,0,62753,0
242,,"Your connection with the Necrolords grows, increasing Stamina by 2%.",Stamina Increased,4,35,0,0,0,0,344078,0,0,0,0,0,0,62754,0
243,,"Your connection with the Venthyr grows, increasing Stamina by 2%.",Stamina Increased,2,2,0,0,0,0,344068,0,0,0,0,0,0,62749,0
244,,"Your connection with the Venthyr grows, increasing Stamina by 2%.",Stamina Increased,2,19,0,0,0,0,344069,0,0,0,0,0,0,62750,0
245,,"Your connection with the Venthyr grows, increasing Stamina by 2%.",Stamina Increased,2,35,0,0,0,0,344070,0,0,0,0,0,0,62751,0
246,,"Your connection with the Kyrian grows, increasing Stamina by 2%.",Stamina Increased,1,2,0,0,0,0,344087,0,0,0,0,0,0,62755,0
247,,"Your connection with the Kyrian grows, increasing Stamina by 2%.",Stamina Increased,1,19,0,0,0,0,344089,0,0,0,0,0,0,62756,0
248,,"Your connection with the Kyrian grows, increasing Stamina by 2%.",Stamina Increased,1,35,0,0,0,0,344091,0,0,0,0,0,0,62757,0
250,,These appearances will become available for purchase from the Renown Quartermaster:|n- Back|n- Legs|n- Feet,New Appearances Available,3,26,0,0,0,0,0,0,0,2091,0,0,0,0,0
251,,These appearances will become available for purchase from the Renown Quartermaster:|n- Back|n- Legs|n- Feet,New Appearances Available,3,26,0,0,0,0,0,0,0,2094,0,0,0,0,0
252,,These appearances will become available for purchase from the Renown Quartermaster:|n- Back|n- Legs|n- Feet,New Appearances Available,3,26,0,0,0,0,0,0,0,2097,0,0,0,0,0
253,,These appearances will become available for purchase from the Renown Quartermaster:|n- Head|n- Shoulders|n- Chest,New Appearances Available,3,32,0,0,1,0,0,0,0,2092,0,0,0,0,0
254,,These appearances will become available for purchase from the Renown Quartermaster:|n- Head|n- Shoulders|n- Chest,New Appearances Available,3,32,0,0,1,0,0,0,0,2095,0,0,0,0,0
255,,These appearances will become available for purchase from the Renown Quartermaster:|n- Head|n- Shoulders|n- Chest,New Appearances Available,3,32,0,0,1,0,0,0,0,2098,0,0,0,0,0
256,,These appearances will become available for purchase from the Renown Quartermaster:|n- Back|n- Legs|n- Feet,New Appearances Available,4,26,0,0,0,0,0,0,0,2115,0,0,0,0,0
257,,These appearances will become available for purchase from the Renown Quartermaster:|n- Back|n- Legs|n- Feet,New Appearances Available,4,26,0,0,0,0,0,0,0,2118,0,0,0,0,0
258,,These appearances will become available for purchase from the Renown Quartermaster:|n- Back|n- Legs|n- Feet,New Appearances Available,4,26,0,0,0,0,0,0,0,2121,0,0,0,0,0
259,,These appearances will become available for purchase from the Renown Quartermaster:|n- Head|n- Shoulders|n- Chest,New Appearances Available,4,32,0,0,1,0,0,0,0,2116,0,0,0,0,0
260,,These appearances will become available for purchase from the Renown Quartermaster:|n- Head|n- Shoulders|n- Chest,New Appearances Available,4,32,0,0,1,0,0,0,0,2119,0,0,0,0,0
261,,These appearances will become available for purchase from the Renown Quartermaster:|n- Head|n- Shoulders|n- Chest,New Appearances Available,4,32,0,0,1,0,0,0,0,2122,0,0,0,0,0
262,,These appearances will become available for purchase from the Renown Quartermaster:|n- Wrist|n- Hands|n- Waist,New Appearances Available,2,16,0,0,1,0,0,0,0,2102,0,0,0,0,0
263,,These appearances will become available for purchase from the Renown Quartermaster:|n- Wrist|n- Hands|n- Waist,New Appearances Available,2,16,0,0,1,0,0,0,0,2105,0,0,0,0,0
264,,These appearances will become available for purchase from the Renown Quartermaster:|n- Wrist|n- Hands|n- Waist,New Appearances Available,2,16,0,0,1,0,0,0,0,2108,0,0,0,0,0
265,,These appearances will become available for purchase from the Renown Quartermaster:|n- Back|n- Legs|n- Feet,New Appearances Available,2,26,0,0,0,0,0,0,0,2103,0,0,0,0,0
266,,These appearances will become available for purchase from the Renown Quartermaster:|n- Back|n- Legs|n- Feet,New Appearances Available,2,26,0,0,0,0,0,0,0,2106,0,0,0,0,0
267,,These appearances will become available for purchase from the Renown Quartermaster:|n- Back|n- Legs|n- Feet,New Appearances Available,2,26,0,0,0,0,0,0,0,2109,0,0,0,0,0
268,,These appearances will become available for purchase from the Renown Quartermaster:|n- Head|n- Shoulders|n- Chest,New Appearances Available,2,32,0,0,1,0,0,0,0,2104,0,0,0,0,0
269,,These appearances will become available for purchase from the Renown Quartermaster:|n- Head|n- Shoulders|n- Chest,New Appearances Available,2,32,0,0,1,0,0,0,0,2107,0,0,0,0,0
270,,These appearances will become available for purchase from the Renown Quartermaster:|n- Head|n- Shoulders|n- Chest,New Appearances Available,2,32,0,0,1,0,0,0,0,2110,0,0,0,0,0
271,,These appearances will become available for purchase from the Renown Quartermaster:|n- Wrist|n- Hands|n- Waist,New Appearances Available,1,16,0,0,1,0,0,0,0,2127,0,0,0,0,0
272,,These appearances will become available for purchase from the Renown Quartermaster:|n- Wrist|n- Hands|n- Waist,New Appearances Available,1,16,0,0,1,0,0,0,0,2130,0,0,0,0,0
273,,These appearances will become available for purchase from the Renown Quartermaster:|n- Wrist|n- Hands|n- Waist,New Appearances Available,1,16,0,0,1,0,0,0,0,2133,0,0,0,0,0
274,,These appearances will become available for purchase from the Renown Quartermaster:|n- Back|n- Legs|n- Feet,New Appearances Available,1,26,0,0,0,0,0,0,0,2128,0,0,0,0,0
275,,These appearances will become available for purchase from the Renown Quartermaster:|n- Back|n- Legs|n- Feet,New Appearances Available,1,26,0,0,0,0,0,0,0,2131,0,0,0,0,0
276,,These appearances will become available for purchase from the Renown Quartermaster:|n- Back|n- Legs|n- Feet,New Appearances Available,1,26,0,0,0,0,0,0,0,2134,0,0,0,0,0
277,,These appearances will become available for purchase from the Renown Quartermaster:|n- Head|n- Shoulders|n- Chest,New Appearances Available,1,32,0,0,1,0,0,0,0,2129,0,0,0,0,0
278,,These appearances will become available for purchase from the Renown Quartermaster:|n- Head|n- Shoulders|n- Chest,New Appearances Available,1,32,0,0,1,0,0,0,0,2132,0,0,0,0,0
279,,These appearances will become available for purchase from the Renown Quartermaster:|n- Head|n- Shoulders|n- Chest,New Appearances Available,1,32,0,0,1,0,0,0,0,2135,0,0,0,0,0
280,Anima Reserves,"A pair of the few remaining Grovetender's Packs, the seeds within contain 500 Anima, use it wisely to shape our covenant in these dark times.",Anima Reserves,3,15,133651,0,0,188000,0,0,0,0,0,0,0,65111,0
281,Anima Reserves,"A pair of the few remaining Grovetender's Packs, the seeds within contain 500 Anima, use it wisely to shape our covenant in these dark times.",Anima Reserves,3,24,133651,0,0,188000,0,0,0,0,0,0,0,65112,0
283,Anima Reserves,"Revered blades imbued with a total of 500 Anima, they are entrusted to you to assist the covenant in these trying times.",Anima Reserves,1,15,135376,0,0,188005,0,0,0,0,0,0,0,65107,0
284,Anima Reserves,"Revered blades imbued with a total of 500 Anima, they are entrusted to you to assist the covenant in these trying times.",Anima Reserves,1,24,135376,0,0,188005,0,0,0,0,0,0,0,65108,0
286,Anima Reserves,"Various items created for the Stitchwerks, containing 500 Anima that you can use to assist in developing the covenant in our time of conflict.",Anima Reserves,4,15,915852,0,0,188004,0,0,0,0,0,0,0,65109,0
287,Anima Reserves,"Various items created for the Stitchwerks, containing 500 Anima that you can use to assist in developing the covenant in our time of conflict.",Anima Reserves,4,24,915852,0,0,188004,0,0,0,0,0,0,0,65110,0
289,Anima Reserves,"Smuggled out of Denathrius' own stores, these crates contain 500 bottled Anima for you to use in bulding up our covenant for the fight to come.",Anima Reserves,2,15,1542854,0,0,188003,0,0,0,0,0,0,0,65113,0
290,Anima Reserves,"Smuggled out of Denathrius' own stores, these crates contain 500 bottled Anima for you to use in bulding up our covenant for the fight to come.",Anima Reserves,2,24,1542854,0,0,188003,0,0,0,0,0,0,0,65114,0
292,Kyrian Campaign: Trial of Ascension,The next chapter of the Kyrian Campaign will become available.,New Campaign Quest Available,1,5,1500886,0,0,0,0,0,0,0,0,0,0,64508,0
293,"Kyrian Campaign: Phaestus, Genesis of Aeons",The next chapter of the Kyrian Campaign will become available.,New Campaign Quest Available,1,8,1500886,0,0,0,0,0,0,0,0,0,0,64508,0
294,Kyrian Campaign: Righteous Retribution,The next chapter of the Kyrian Campaign will become available.,New Campaign Quest Available,1,11,1500886,0,0,0,0,0,0,0,0,0,0,64508,0
295,Kyrian Campaign: The Seal of Contrition,The next chapter of the Kyrian Campaign will become available.,New Campaign Quest Available,1,13,1500886,0,0,0,0,0,0,0,0,0,0,64508,0
296,Kyrian Campaign: A Vessel of Ardenweald,The next chapter of the Kyrian Campaign will become available.,New Campaign Quest Available,1,17,1500886,0,0,0,0,0,0,0,0,0,0,64508,0
297,Kyrian Campaign: Closing In,The next chapter of the Kyrian Campaign will become available.,New Campaign Quest Available,1,20,1500886,0,0,0,0,0,0,0,0,0,0,64508,0
298,Necrolord Campaign: The House of Eyes,The next chapter of the Necrolord Campaign will become available.,New Campaign Quest Available,4,5,1500887,0,0,0,0,0,0,0,0,0,0,64508,0
299,Necrolord Campaign: Grand Theft Necropolis,The next chapter of the Necrolord Campaign will become available.,New Campaign Quest Available,4,8,1500887,0,0,0,0,0,0,0,0,0,0,64508,0
300,Necrolord Campaign: Do Not Forget,The next chapter of the Necrolord Campaign will become available.,New Campaign Quest Available,4,11,1500887,0,0,0,0,0,0,0,0,0,0,64508,0
301,Necrolord Campaign: A Golden Dawn,The next chapter of the Necrolord Campaign will become available.,New Campaign Quest Available,4,13,1500887,0,0,0,0,0,0,0,0,0,0,64508,0
302,Necrolord Campaign: The Wages of Sin,The next chapter of the Necrolord Campaign will become available.,New Campaign Quest Available,4,17,1500887,0,0,0,0,0,0,0,0,0,0,64508,0
303,Necrolord Campaign: The House of Rituals,The next chapter of the Necrolord Campaign will become available.,New Campaign Quest Available,4,20,1500887,0,0,0,0,0,0,0,0,0,0,64508,0
304,Night Fae Campaign: Daughter of the Night Warrior,The next chapter of the Night Fae Campaign will become available.,New Campaign Quest Available,3,5,1500884,0,0,0,0,0,0,0,0,0,0,64508,0
305,Night Fae Campaign: Da Boss,The next chapter of the Night Fae Campaign will become available.,New Campaign Quest Available,3,8,1500884,0,0,0,0,0,0,0,0,0,0,64508,0
306,Night Fae Campaign: Night Warrior's Curse,The next chapter of the Night Fae Campaign will become available.,New Campaign Quest Available,3,11,1500884,0,0,0,0,0,0,0,0,0,0,64508,0
307,Night Fae Campaign: Drust to Drust,The next chapter of the Night Fae Campaign will become available.,New Campaign Quest Available,3,13,1500884,0,0,0,0,0,0,0,0,0,0,64508,0
308,Night Fae Campaign: The Horned Hunter,The next chapter of the Night Fae Campaign will become available.,New Campaign Quest Available,3,17,1500884,0,0,0,0,0,0,0,0,0,0,64508,0
309,Night Fae Campaign: Deal for a Loa,The next chapter of the Night Fae Campaign will become available.,New Campaign Quest Available,3,20,1500884,0,0,0,0,0,0,0,0,0,0,64508,0
310,Venthyr Campaign: The Court of Harvesters,The next chapter of the Venthyr Campaign will become available.,New Campaign Quest Available,2,5,1500885,0,0,0,0,0,0,0,0,0,0,64508,0
311,Venthyr Campaign: Desire,The next chapter of the Venthyr Campaign will become available.,New Campaign Quest Available,2,8,1500885,0,0,0,0,0,0,0,0,0,0,64508,0
312,Venthyr Campaign: Avarice,The next chapter of the Venthyr Campaign will become available.,New Campaign Quest Available,2,11,1500885,0,0,0,0,0,0,0,0,0,0,64508,0
313,Venthyr Campaign: The Crowned Prince,The next chapter of the Venthyr Campaign will become available.,New Campaign Quest Available,2,13,1500885,2,0,0,0,0,0,0,0,0,0,64508,0
314,Venthyr Campaign: Confronting Sin,The next chapter of the Venthyr Campaign will become available.,New Campaign Quest Available,2,17,1500885,0,0,0,0,0,0,0,0,0,0,64508,0
315,Venthyr Campaign: Envy,The next chapter of the Venthyr Campaign will become available.,New Campaign Quest Available,2,20,1500885,0,0,0,0,0,0,0,0,0,0,64508,0
316,Undiscovered Adventurer,"Complete the Bastion storyline ""Pride or Unit"" to recruit a new Adventurer.",New Adventurer Available,1,4,3716926,0,0,0,0,0,0,0,0,0,0,64508,87733
317,Night Courtier's Arsenal,Weapon appearances will become available for purchase from the Renown Quartermaster.,New Appearances Available,3,37,3509629,0,0,0,0,0,0,0,0,0,0,64508,0
318,Arsenal of the Primus,Weapon appearances will become available for purchase from the Renown Quartermaster.,New Appearances Available,4,37,3384463,0,0,0,0,0,0,0,0,0,0,64508,0
319,Elysian Arsenal,Weapon appearances will become available for purchase from the Renown Quartermaster.,New Appearances Available,1,37,3204712,0,0,0,0,0,0,0,0,0,0,64508,0
320,Sinfall Arsenal,Weapon appearances will become available for purchase from the Renown Quartermaster.,New Appearances Available,2,37,3188648,0,0,0,0,0,0,0,0,0,0,64508,0
321,Among the Kyrian,Joined the Kyrian in Bastion and began the covenant Campaign.,,1,1,3641395,0,0,0,0,0,0,0,0,0,0,64508,0
322,For Queen and Grove!,Joined the Night Fae in Ardenweald and began the covenant Campaign.,,3,1,3641394,0,0,0,0,0,0,0,0,0,0,64508,0
323,Loyal to the Primus,Joined the Necrolords in Maldraxxus and began the covenant Campaign.,,4,1,3641396,0,0,0,0,0,0,0,0,0,0,64508,0
324,Sinfall,Joined the Venthyr in Revendreth and began the covenant Campaign.,,2,1,3641397,0,0,0,0,0,0,0,0,0,0,64508,0
325,Soulbind Upgrade: Pelagos,You may access Pelagos's eighth row of Soulbind traits.,Pelagos Soulbind Row Unlocked,1,30,3684898,2,0,0,0,0,0,0,0,0,0,64508,0
326,Soulbind Upgrade: Kleia,You may access Kleia's eighth row of Soulbind traits.,Kleia Soulbind Row Unlocked,1,34,3684897,2,0,0,0,0,0,0,0,0,0,64508,0
327,Soulbind Upgrade: Mikanikos,You may access Mikanikos's eighth row of Soulbind traits.,Mikanikos Soulbind Row Unlocked,1,31,3684894,2,0,0,0,0,0,0,0,0,0,64508,0
328,Soulbind Upgrade: Marileth,You may access Plague Deviser Marileth's eighth row of Soulbind traits.,Marileth Soulbind Row Unlocked,4,30,3684879,2,0,0,0,0,0,0,0,0,0,64508,0
329,Soulbind Upgrade: Emeni,You may access Princess Emeni's eighth row of Soulbind traits.,Emeni Soulbind Row Unlocked,4,34,3684875,2,0,0,0,0,0,0,0,0,0,64508,0
330,Soulbind Upgrade: Heirmir,You may access Bonesmith Heirmir's eighth row of Soulbind traits.,Heirmir Soulbind Row Unlocked,4,31,3684892,2,0,0,0,0,0,0,0,0,0,64508,0
331,Soulbind Upgrade: Niya,You may access Niya's final row of Soulbind traits.,Niya Soulbind Row Unlocked,3,30,3684884,2,0,0,0,0,0,0,0,0,0,64508,0
332,Soulbind Upgrade: Korayn,You may access Koryan's final row of Soulbind traits.,Korayn Soulbind Row Unlocked,3,31,3684885,2,0,0,0,0,0,0,0,0,0,64508,0
333,Soulbind Upgrade: Dreamweaver,You may access Dreamweaver's final row of Soulbind traits.,Dreamweaver Soulbind Row Unlocked,3,34,3684882,2,0,0,0,0,0,0,0,0,0,64508,0
334,Soulbind Upgrade: Nadjia,You may access Nadjia's eighth row of Soulbind traits.,Nadjia Soulbind Row Unlocked,2,30,3485243,2,0,0,0,0,0,0,0,0,0,64508,0
335,Soulbind Upgrade: Theotar,You may access Theotar's eighth row of Soulbind traits.,Theotar Soulbind Row Unlocked,2,34,3485244,2,0,0,0,0,0,0,0,0,0,64508,0
336,Soulbind Upgrade: Draven,You may access General Draven's eighth row of Soulbind traits.,Draven Soulbind Row Unlocked,2,31,3485245,2,0,0,0,0,0,0,0,0,0,64508,0
337,World Quest Rewards,The item level of your World Quest rewards is increased.,World Quest Max Item Level Increased,1,29,236668,0,1,0,0,0,0,0,0,0,0,63350,88828
338,World Quest Rewards,The item level of your World Quest rewards is increased.,World Quest Max Item Level Increased,4,29,236668,0,1,0,0,0,0,0,0,0,0,63350,88828
339,World Quest Rewards,The item level of your World Quest rewards is increased.,World Quest Max Item Level Increased,3,29,236668,0,1,0,0,0,0,0,0,0,0,63350,88828
340,World Quest Rewards,The item level of your World Quest rewards is increased.,World Quest Max Item Level Increased,2,29,236668,0,1,0,0,0,0,0,0,0,0,63350,88828
342,Soulbind Upgrade: Korayn,You may access Koryan's ninth row of Soulbind traits.,Korayn Soulbind Row Unlocked,3,41,3684885,2,0,0,0,0,0,0,0,0,0,64508,0
343,Soulbind Upgrade: Dreamweaver,You may access Dreamweaver's ninth row of Soulbind traits.,Dreamweaver Soulbind Row Unlocked,3,42,3684882,2,0,0,0,0,0,0,0,0,0,64508,0
344,Elite World Quest Anima Rewards,The amount of anima received from Elite World Quest Rewards is increased.,Elite World Quest Anima Increased,3,47,3528279,2,1,0,0,0,0,0,0,0,0,64073,91036
345,Soulbind Upgrade: Niya,You may access Niya's ninth row of Soulbind traits.,Niya Soulbind Row Unlocked,3,43,3684884,2,0,0,0,0,0,0,0,0,0,64508,0
346,,You may speak with Watcher Vesperbloom to recruit this adventurer.,New Adventurer Available,3,44,0,0,1,0,0,0,0,0,0,1337,0,0,0
347,Chains of Domination: The Last Sigil,The next chapter of the Chains of Domination campaign will become available.,New Campaign Quest Available,3,44,1500884,0,0,0,0,0,0,0,0,0,0,64508,0
349,,,Flying Mount Acquired,3,45,0,0,1,0,0,1484,0,0,0,0,0,64074,0
350,Soulbind Upgrade: Dreamweaver,You may access Dreamweaver's tenth row of Soulbind traits.,Dreamweaver Soulbind Row Unlocked,3,45,3684882,2,0,0,0,0,0,0,0,0,0,64508,0
351,World Quest Rewards,The item level of your World Quest rewards is increased.,World Quest Max Item Level Increased,3,46,236668,0,1,0,0,0,0,0,0,0,0,64067,91039
352,Soulbind Upgrade: Niya,You may access Niya's tenth row of Soulbind traits.,Niya Soulbind Row Unlocked,3,46,3684884,2,0,0,0,0,0,0,0,0,0,64508,0
353,Chains of Domination: An Army of Bone and Steel,The next chapter of the Chains of Domination campaign will become available.,New Campaign Quest Available,3,47,1500884,0,0,0,0,0,0,0,0,0,0,64508,0
354,Soulbind Upgrade: Korayn,You may access Koryan's tenth row of Soulbind traits.,Korayn Soulbind Row Unlocked,3,48,3684885,2,0,0,0,0,0,0,0,0,0,64508,0
355,,,A Tiny Winter Staff Acquired,3,56,0,0,1,186473,0,0,0,0,0,0,0,64079,0
356,Soulbind Upgrade: Dreamweaver,You may access Dreamweaver's eleventh row of Soulbind traits.,Dreamweaver Soulbind Row Unlocked,3,49,3684882,2,0,0,0,0,0,0,0,0,0,64508,0
357,Chains of Domination: The Unseen Guests,The next chapter of the Chains of Domination campaign will become available.,New Campaign Quest Available,3,50,1500884,0,0,0,0,0,0,0,0,0,0,64508,0
358,Soulbind Upgrade: Niya,You may access Niya's eleventh row of Soulbind traits.,Niya Soulbind Row Unlocked,3,51,3684884,2,0,0,0,0,0,0,0,0,0,64508,0
359,Chains of Domination: The Power of Night,The next chapter of the Chains of Domination campaign will become available.,New Campaign Quest Available,3,52,1500884,0,0,0,0,0,0,0,0,0,0,64508,0
360,,"You will acquire Wisps of Memory, which can be used to grant one adventurer a large amount of experience.",Wisps of Memory Acquired,3,52,0,0,1,186472,0,0,0,0,0,0,0,64449,0
361,Soulbind Upgrade: Korayn,You may access Koryan's eleventh row of Soulbind traits.,Korayn Soulbind Row Unlocked,3,53,3684885,2,0,0,0,0,0,0,0,0,0,64508,0
362,Soulbind Upgrade: Dreamweaver,You may access Dreamweaver's twelfth row of Soulbind traits.,Dreamweaver Soulbind Row Unlocked,3,54,3684882,2,0,0,0,0,0,0,0,0,0,64508,0
363,Soulbind Upgrade: Niya,You may access Niya's twelfth row of Soulbind traits.,Niya Soulbind Row Unlocked,3,55,3684884,2,0,0,0,0,0,0,0,0,0,64508,0
364,Chains of Domination: A New Path,The next chapter of the Chains of Domination campaign will become available.,New Campaign Quest Available,3,56,1500884,0,0,0,0,0,0,0,0,0,0,64508,0
365,,"Your connection with the Night Fae grows, increasing Stamina by 2%.",Stamina Increased,3,50,0,0,1,0,353870,0,0,0,0,0,0,64081,0
366,Soulbind Upgrade: Korayn,You may access Koryan's final row of Soulbind traits.,Korayn Soulbind Row Unlocked,3,57,3684885,2,0,0,0,0,0,0,0,0,0,64508,0
367,,You may speak with Watcher Vesperbloom to recruit this adventurer.,New Adventurer Available,3,62,0,0,1,0,0,0,0,0,0,1338,0,0,0
368,Oribos Quest Anima Rewards,The amount of anima received from weekly dungeon and PvP quests in Oribos is increased.,Weekly Dungeon and PvP Quest Anima Rewards Increased,3,73,3528279,0,1,0,0,0,0,0,0,0,0,64082,91042
369,Chains of Domination: What Lies Ahead,The final chapter of the Chains of Domination campaign will become available.,New Campaign Quest Available,3,58,1500884,1,0,0,0,0,0,0,0,0,0,64508,0
370,Soulbind Upgrade: Dreamweaver,Dreamweaver's first row of conduits is enhanced.,Dreamweaver Conduit Row Enhanced,3,61,3684882,2,0,0,0,0,0,0,0,0,0,64508,0
371,Unrated PvP Item Level,"You and the Night Fae continue to impress Cartel Zo, allowing you to further upgrade your Season 2 Unrated PvP equipment to Rank 7.",Unrated PvP Max Rank Increase Available,3,59,1713483,0,1,0,0,0,0,0,0,0,0,64508,91048
372,Soulbind Upgrade: Korayn,Korayn's first row of conduits is enhanced.,Korayn Conduit Row Enhanced,3,62,3684885,2,0,0,0,0,0,0,0,0,0,64508,0
373,Soulbind Upgrade: Niya,Niya's first row of conduits is enhanced.,Niya Conduit Row Enhanced,3,63,3684884,2,0,0,0,0,0,0,0,0,0,64508,0
374,Soulbind Upgrade: Dreamweaver,Dreamweaver's second row of conduits is enhanced.,Dreamweaver Conduit Row Enhanced,3,64,3684882,2,0,0,0,0,0,0,0,0,0,64508,0
375,Soulbind Upgrade: Korayn,Korayn's second row of conduits is enhanced.,Korayn Conduit Row Enhanced,3,65,3684885,2,0,0,0,0,0,0,0,0,0,64508,0
376,World Quest Rewards,The item level of your World Quest rewards is increased.,World Quest Max Item Level Increased,3,61,236668,0,1,0,0,0,0,0,0,0,0,64068,91050
377,Soulbind Upgrade: Niya,Niya's second row of conduits is enhanced.,Niya Conduit Row Enhanced,3,66,3684884,2,0,0,0,0,0,0,0,0,0,64508,0
378,Soulbind Upgrade: Dreamweaver,Dreamweaver's third row of conduits is enhanced.,Dreamweaver Conduit Row Enhanced,3,67,3684882,2,0,0,0,0,0,0,0,0,0,64508,0
379,,"You will acquire Wisps of Memory, which can be used to grant one adventurer a large amount of experience.",Wisps of Memory Acquired,3,67,0,0,1,186472,0,0,0,0,0,0,0,64450,0
380,Soulbind Upgrade: Niya,Niya's third row of conduits is enhanced.,Niya Conduit Row Enhanced,3,68,3684884,2,0,0,0,0,0,0,0,0,0,64508,0
381,Soulbind Upgrade: Korayn,Korayn's third row of conduits is enhanced.,Korayn Conduit Row Enhanced,3,69,3684885,2,0,0,0,0,0,0,0,0,0,64508,0
382,Soulbind Upgrade: Dreamweaver,Dreamweaver's fourth row of conduits is enhanced.,Dreamweaver Conduit Row Enhanced,3,70,3684882,2,0,0,0,0,0,0,0,0,0,64508,0
383,Soulbind Upgrade: Korayn,Korayn's fourth row of conduits is enhanced.,Korayn Conduit Row Enhanced,3,71,3684885,2,0,0,0,0,0,0,0,0,0,64508,0
384,,You may speak with Watcher Vesperbloom to recruit this adventurer.,New Adventurer Available,3,71,0,0,1,0,0,0,0,0,0,1339,0,0,0
385,Soulbind Upgrade: Niya,Niya's fourth row of conduits is enhanced.,Niya Conduit Row Enhanced,3,72,3684884,2,0,0,0,0,0,0,0,0,0,64508,0
386,Soulbind Upgrade: Niya,Niya's fifth row of conduits is enhanced.,Niya Conduit Row Enhanced,3,73,3684884,2,0,0,0,0,0,0,0,0,0,64508,0
387,,"Your connection with the Night Fae grows, increasing Stamina by 2%.",Stamina Increased,3,59,0,0,1,0,353886,0,0,0,0,0,0,64088,0
388,Soulbind Upgrade: Korayn,Korayn's fifth row of conduits is enhanced.,Korayn Conduit Row Enhanced,3,74,3684885,2,0,0,0,0,0,0,0,0,0,64508,0
389,Soulbind Upgrade: Dreamweaver,Dreamweaver's fifth row of conduits is enhanced.,Dreamweaver Conduit Row Enhanced,3,75,3684882,2,0,0,0,0,0,0,0,0,0,64508,0
390,,"You will acquire Wisps of Memory, which can be used to grant one adventurer a large amount of experience.",Wisps of Memory Acquired,3,76,0,0,0,186472,0,0,0,0,0,0,0,64451,0
391,Soulbind Upgrade: Korayn,Korayn's sixth row of conduits is enhanced.,Korayn Conduit Row Enhanced,3,77,3684885,2,0,0,0,0,0,0,0,0,0,64508,0
392,Soulbind Upgrade: Niya,Niya's sixth row of conduits is enhanced.,Niya Conduit Row Enhanced,3,78,3684884,2,0,0,0,0,0,0,0,0,0,64508,0
393,Soulbind Upgrade: Dreamweaver,Dreamweaver's sixth row of conduits is enhanced.,Dreamweaver Conduit Row Enhanced,3,79,3684882,2,0,0,0,0,0,0,0,0,0,64508,0
394,,,Title Unlocked,3,80,3641394,1,0,0,0,0,0,0,699,0,0,64508,0
395,Soulbind Upgrade: Heirmir,You may access Bonesmith Heirmir's ninth row of Soulbind traits.,Heirmir Soulbind Row Unlocked,4,41,3684892,2,0,0,0,0,0,0,0,0,0,64508,0
396,Soulbind Upgrade: Emeni,You may access Emeni's ninth row of Soulbind traits.,Emeni Soulbind Row Unlocked,4,42,3684875,2,0,0,0,0,0,0,0,0,0,64508,0
397,Elite World Quest Anima Rewards,The amount of anima received from Elite World Quest Rewards is increased.,Elite World Quest Anima Increased,4,47,3528295,2,1,0,0,0,0,0,0,0,0,64073,91036
398,,You may speak with Merick Feldscar to recruit this adventurer.,New Adventurer Available,4,44,0,0,1,0,0,0,0,0,0,1334,0,0,0
399,Soulbind Upgrade: Marileth,You may access Plague Deviser Marileth's ninth row of Soulbind traits.,Marileth Soulbind Row Unlocked,4,43,3684879,2,0,0,0,0,0,0,0,0,0,64508,0
400,Chains of Domination: The Last Sigil,The next chapter of the Chains of Domination campaign will become available.,New Campaign Quest Available,4,44,1500884,0,0,0,0,0,0,0,0,0,0,64508,0
401,,,Flying Mount Acquired,4,45,0,0,1,0,0,1495,0,0,0,0,0,64097,0
402,Soulbind Upgrade: Emeni,You may access Emeni's tenth row of Soulbind traits.,Emeni Soulbind Row Unlocked,4,45,3684875,2,0,0,0,0,0,0,0,0,0,64508,0
403,World Quest Rewards,The item level of your World Quest rewards is increased.,World Quest Max Item Level Increased,4,46,236668,0,1,0,0,0,0,0,0,0,0,64067,91039
404,Soulbind Upgrade: Marileth,You may access Plague Deviser Marileth's tenth row of Soulbind traits.,Marileth Soulbind Row Unlocked,4,46,3684879,2,0,0,0,0,0,0,0,0,0,64508,0
405,Chains of Domination: An Army of Bone and Steel,The next chapter of the Chains of Domination campaign will become available.,New Campaign Quest Available,4,47,1500884,0,0,0,0,0,0,0,0,0,0,64508,0
406,Soulbind Upgrade: Heirmir,You may access Bonesmith Heirmir's tenth row of Soulbind traits.,Heirmir Soulbind Row Unlocked,4,48,3684892,2,0,0,0,0,0,0,0,0,0,64508,0
407,,,A Tiny Vial of Slime Acquired,4,56,0,0,1,186524,0,0,0,0,0,0,0,64099,0
408,Soulbind Upgrade: Emeni,You may access Emeni's eleventh row of Soulbind traits.,Emeni Soulbind Row Unlocked,4,49,3684875,2,0,0,0,0,0,0,0,0,0,64508,0
409,Chains of Domination: The Unseen Guests,The next chapter of the Chains of Domination campaign will become available.,New Campaign Quest Available,4,50,1500884,0,0,0,0,0,0,0,0,0,0,64508,0
410,Soulbind Upgrade: Marileth,You may access Plague Deviser Marileth's eleventh row of Soulbind traits.,Marileth Soulbind Row Unlocked,4,51,3684879,2,0,0,0,0,0,0,0,0,0,64508,0
411,Chains of Domination: The Power of Night,The next chapter of the Chains of Domination campaign will become available.,New Campaign Quest Available,4,52,1500884,0,0,0,0,0,0,0,0,0,0,64508,0
412,,"You will acquire Wisps of Memory, which can be used to grant one adventurer a large amount of experience.",Wisps of Memory Acquired,4,52,0,0,1,186472,0,0,0,0,0,0,0,64446,0
413,Soulbind Upgrade: Heirmir,You may access Bonesmith Heirmir's eleventh row of Soulbind traits.,Heirmir Soulbind Row Unlocked,4,53,3684892,2,0,0,0,0,0,0,0,0,0,64508,0
414,Soulbind Upgrade: Emeni,You may access Emeni's twelfth row of Soulbind traits.,Emeni Soulbind Row Unlocked,4,54,3684875,2,0,0,0,0,0,0,0,0,0,64508,0
415,Soulbind Upgrade: Marileth,You may access Plague Deviser Marileth's twelfth row of Soulbind traits.,Marileth Soulbind Row Unlocked,4,55,3684879,2,0,0,0,0,0,0,0,0,0,64508,0
416,Chains of Domination: A New Path,The next chapter of the Chains of Domination campaign will become available.,New Campaign Quest Available,4,56,1500884,0,0,0,0,0,0,0,0,0,0,64508,0
417,Soulbind Upgrade: Heirmir,You may access Bonesmith Heirmir's twelfth row of Soulbind traits.,Heirmir Soulbind Row Unlocked,4,57,3684892,2,0,0,0,0,0,0,0,0,0,64508,0
418,Oribos Quest Anima Rewards,The amount of anima received from weekly dungeon and PvP quests in Oribos is increased.,Weekly Dungeon and PvP Quest Anima Rewards Increased,4,73,3528295,0,1,0,0,0,0,0,0,0,0,64082,91042
419,,You may speak with Merick Feldscar to recruit this adventurer.,New Adventurer Available,4,62,0,0,1,0,0,0,0,0,0,1335,0,0,0
420,Chains of Domination: What Lies Ahead,The final chapter of the Chains of Domination campaign will become available.,New Campaign Quest Available,4,58,1500884,1,0,0,0,0,0,0,0,0,0,64508,0
421,,"Your connection with the Necrolord grows, increasing Stamina by 2%.",Stamina Increased,4,50,0,0,1,0,354025,0,0,0,0,0,0,64100,0
422,Soulbind Upgrade: Emeni,Emeni's first row of conduits is enhanced.,Emeni Soulbind Row Unlocked,4,61,3684875,2,0,0,0,0,0,0,0,0,0,64508,0
423,Unrated PvP Item Level,"You and the Necrolords continue to impress Cartel Zo, allowing you to further upgrade your Season 2 Unrated PvP equipment to Rank 7.",Unrated PvP Max Rank Increase Available,4,59,1713483,0,1,0,0,0,0,0,0,0,0,64508,91048
424,Soulbind Upgrade: Heirmir,Bonesmith Heirmir's first row of conduits is enhanced.,Heirmir Soulbind Row Unlocked,4,62,3684892,2,0,0,0,0,0,0,0,0,0,64508,0
425,Soulbind Upgrade: Marileth,Plague Deviser Marileth's first row of conduits is enhanced.,Marileth Soulbind Row Unlocked,4,63,3684879,2,0,0,0,0,0,0,0,0,0,64508,0
426,Soulbind Upgrade: Emeni,Emeni's second row of conduits is enhanced.,Emeni Soulbind Row Unlocked,4,64,3684875,2,0,0,0,0,0,0,0,0,0,64508,0
427,World Quest Rewards,The item level of your World Quest rewards is increased.,World Quest Max Item Level Increased,4,61,236668,0,1,0,0,0,0,0,0,0,0,64068,91050
428,Soulbind Upgrade: Heirmir,Bonesmith Heirmir's second row of conduits is enhanced.,Heirmir Soulbind Row Unlocked,4,65,3684892,2,0,0,0,0,0,0,0,0,0,64508,0
429,Soulbind Upgrade: Marileth,Plague Deviser Marileth's second row of conduits is enhanced.,Marileth Soulbind Row Unlocked,4,66,3684879,2,0,0,0,0,0,0,0,0,0,64508,0
430,Soulbind Upgrade: Emeni,Emeni's third row of conduits is enhanced.,Emeni Soulbind Row Unlocked,4,67,3684875,2,0,0,0,0,0,0,0,0,0,64508,0
431,,"You will acquire Wisps of Memory, which can be used to grant one adventurer a large amount of experience.",Wisps of Memory Acquired,4,67,0,0,1,186472,0,0,0,0,0,0,0,64447,0
432,Soulbind Upgrade: Marileth,Plague Deviser Marileth's third row of conduits is enhanced.,Marileth Soulbind Row Unlocked,4,68,3684879,2,0,0,0,0,0,0,0,0,0,64508,0
433,Soulbind Upgrade: Heirmir,Bonesmith Heirmir's third row of conduits is enhanced.,Heirmir Soulbind Row Unlocked,4,69,3684892,2,0,0,0,0,0,0,0,0,0,64508,0
434,Soulbind Upgrade: Emeni,Emeni's fourth row of conduits is enhanced.,Emeni Soulbind Row Unlocked,4,70,3684875,2,0,0,0,0,0,0,0,0,0,64508,0
435,Soulbind Upgrade: Heirmir,Bonesmith Heirmir's fourth row of conduits is enhanced.,Heirmir Soulbind Row Unlocked,4,71,3684892,2,0,0,0,0,0,0,0,0,0,64508,0
436,,You may speak with Merick Feldscar to recruit this adventurer.,New Adventurer Available,4,71,0,0,1,0,0,0,0,0,0,1336,0,0,0
437,Soulbind Upgrade: Marileth,Plague Deviser Marileth's fourth row of conduits is enhanced.,Marileth Soulbind Row Unlocked,4,72,3684879,2,0,0,0,0,0,0,0,0,0,64508,0
438,Soulbind Upgrade: Marileth,Plague Deviser Marileth's fifth row of conduits is enhanced.,Marileth Soulbind Row Unlocked,4,73,3684879,2,0,0,0,0,0,0,0,0,0,64508,0
439,,"Your connection with the Necrolords grows, increasing Stamina by 2%.",Stamina Increased,4,59,0,0,1,0,354129,0,0,0,0,0,0,64108,0
440,Soulbind Upgrade: Heirmir,Bonesmith Heirmir's fifth row of conduits is enhanced.,Heirmir Soulbind Row Unlocked,4,74,3684892,2,0,0,0,0,0,0,0,0,0,64508,0
441,Soulbind Upgrade: Emeni,Emeni's fifth row of conduits is enhanced.,Emeni Soulbind Row Unlocked,4,75,3684875,2,0,0,0,0,0,0,0,0,0,64508,0
442,,"You will acquire Wisps of Memory, which can be used to grant one adventurer a large amount of experience.",Wisps of Memory Acquired,4,76,0,0,0,186472,0,0,0,0,0,0,0,64448,0
443,Soulbind Upgrade: Heirmir,Bonesmith Heirmir's sixth row of conduits is enhanced.,Heirmir Soulbind Row Unlocked,4,77,3684892,2,0,0,0,0,0,0,0,0,0,64508,0
444,Soulbind Upgrade: Marileth,Plague Deviser Marileth's sixth row of conduits is enhanced.,Marileth Soulbind Row Unlocked,4,78,3684879,2,0,0,0,0,0,0,0,0,0,64508,0
445,Soulbind Upgrade: Emeni,Emeni's sixth row of conduits is enhanced.,Emeni Soulbind Row Unlocked,4,79,3684875,2,0,0,0,0,0,0,0,0,0,64508,0
446,,,Title Unlocked,4,80,3752259,1,0,0,0,0,0,0,700,0,0,64508,0
447,Chains of Domination: An Army of Bone and Steel,The next chapter of the Chains of Domination campaign will become available.,New Campaign Quest Available,2,47,1500884,0,0,0,0,0,0,0,0,0,0,64508,0
448,World Quest Rewards,The item level of your World Quest rewards is increased.,World Quest Max Item Level Increased,2,46,236668,0,1,0,0,0,0,0,0,0,0,64067,91039
449,Soulbind Upgrade: Nadjia,You may access Nadjia's tenth row of Soulbind traits.,Nadjia Soulbind Row Unlocked,2,46,3485243,2,0,0,0,0,0,0,0,0,0,64508,0
450,,,Flying Mount Acquired,2,45,0,0,1,0,0,1490,0,0,0,0,0,64131,0
451,Soulbind Upgrade: Theotar,You may access Theotar's tenth row of Soulbind traits.,Theotar Soulbind Row Unlocked,2,45,3485244,2,0,0,0,0,0,0,0,0,0,64508,0
452,Chains of Domination: The Last Sigil,The next chapter of the Chains of Domination campaign will become available.,New Campaign Quest Available,2,44,1500884,0,0,0,0,0,0,0,0,0,0,64508,0
453,Soulbind Upgrade: Nadjia,You may access Nadjia's ninth row of Soulbind traits.,Nadjia Soulbind Row Unlocked,2,43,3485243,2,0,0,0,0,0,0,0,0,0,64508,0
454,,You may speak with Tactician Sakaa to recruit this adventurer.,New Adventurer Available,2,44,0,0,1,0,0,0,0,0,0,1345,0,0,0
455,Elite World Quest Anima Rewards,The amount of anima received from Elite World Quest Rewards is increased.,Elite World Quest Anima Increased,2,47,3528311,2,1,0,0,0,0,0,0,0,0,64073,91036
456,Soulbind Upgrade: Theotar,You may access Theotar's ninth row of Soulbind traits.,Theotar Soulbind Row Unlocked,2,42,3485244,2,0,0,0,0,0,0,0,0,0,64508,0
457,Soulbind Upgrade: Draven,You may access Draven's ninth row of Soulbind traits.,Draven Soulbind Row Unlocked,2,41,3485245,2,0,0,0,0,0,0,0,0,0,64508,0
458,Chains of Domination: A New Path,The next chapter of the Chains of Domination campaign will become available.,New Campaign Quest Available,2,56,1500884,0,0,0,0,0,0,0,0,0,0,64508,0
459,Soulbind Upgrade: Nadjia,You may access Nadjia's twelfth row of Soulbind traits.,Nadjia Soulbind Row Unlocked,2,55,3485243,2,0,0,0,0,0,0,0,0,0,64508,0
460,Soulbind Upgrade: Theotar,You may access Theotar's twelfth row of Soulbind traits.,Theotar Soulbind Row Unlocked,2,54,3485244,2,0,0,0,0,0,0,0,0,0,64508,0
461,Soulbind Upgrade: Draven,You may access Draven's eleventh row of Soulbind traits.,Draven Soulbind Row Unlocked,2,53,3485245,2,0,0,0,0,0,0,0,0,0,64508,0
462,Chains of Domination: The Power of Night,The next chapter of the Chains of Domination campaign will become available.,New Campaign Quest Available,2,52,1500884,0,0,0,0,0,0,0,0,0,0,64508,0
463,,"You will acquire Wisps of Memory, which can be used to grant one adventurer a large amount of experience.",Wisps of Memory Acquired,2,52,0,0,1,186472,0,0,0,0,0,0,0,64452,0
464,Soulbind Upgrade: Nadjia,You may access Nadjia's eleventh row of Soulbind traits.,Nadjia Soulbind Row Unlocked,2,51,3485243,2,0,0,0,0,0,0,0,0,0,64508,0
465,Chains of Domination: The Unseen Guests,The next chapter of the Chains of Domination campaign will become available.,New Campaign Quest Available,2,50,1500884,0,0,0,0,0,0,0,0,0,0,64508,0
466,Soulbind Upgrade: Theotar,You may access Theotar's eleventh row of Soulbind traits.,Theotar Soulbind Row Unlocked,2,49,3485244,2,0,0,0,0,0,0,0,0,0,64508,0
467,Soulbind Upgrade: Draven,You may access Draven's tenth row of Soulbind traits.,Draven Soulbind Row Unlocked,2,48,3485245,2,0,0,0,0,0,0,0,0,0,64508,0
468,,,A Tiny Sinstone Acquired,2,56,0,0,1,186580,0,0,0,0,0,0,0,64133,0
469,Soulbind Upgrade: Theotar,Theotar's second row of conduits is enhanced.,Theotar Soulbind Row Unlocked,2,64,3485244,2,0,0,0,0,0,0,0,0,0,64508,0
470,Soulbind Upgrade: Nadjia,Nadjia's first row of conduits is enhanced.,Nadjia Soulbind Row Unlocked,2,63,3485243,2,0,0,0,0,0,0,0,0,0,64508,0
471,Soulbind Upgrade: Draven,Draven's first row of conduits is enhanced.,Draven Soulbind Row Unlocked,2,62,3485245,2,0,0,0,0,0,0,0,0,0,64508,0
472,Unrated PvP Item Level,"You and the Venthyr continue to impress Cartel Zo, allowing you to further upgrade your Season 2 Unrated PvP equipment to Rank 7.",Unrated PvP Max Rank Increase Available,2,59,1713483,0,1,0,0,0,0,0,0,0,0,64508,91048
473,Soulbind Upgrade: Theotar,Theotar's first row of conduits is enhanced.,Theotar Soulbind Row Unlocked,2,61,3485244,2,0,0,0,0,0,0,0,0,0,64508,0
474,,"Your connection with the Venthyr grows, increasing Stamina by 2%.",Stamina Increased,2,50,0,0,1,0,354195,0,0,0,0,0,0,64134,0
475,Chains of Domination: What Lies Ahead,The final chapter of the Chains of Domination campaign will become available.,New Campaign Quest Available,2,58,1500884,1,0,0,0,0,0,0,0,0,0,64508,0
476,Oribos Quest Anima Rewards,The amount of anima received from weekly dungeon and PvP quests in Oribos is increased.,Weekly Dungeon and PvP Quest Anima Rewards Increased,2,73,3528311,0,1,0,0,0,0,0,0,0,0,64082,91042
477,,You may speak with Tactician Sakaa to recruit this adventurer.,New Adventurer Available,2,62,0,0,1,0,0,0,0,0,0,1346,0,0,0
478,Soulbind Upgrade: Draven,You may access Draven's twelfth row of Soulbind traits.,Draven Soulbind Row Unlocked,2,57,3485245,2,0,0,0,0,0,0,0,0,0,64508,0
479,Soulbind Upgrade: Draven,Draven's fourth row of conduits is enhanced.,Draven Soulbind Row Unlocked,2,71,3485245,2,0,0,0,0,0,0,0,0,0,64508,0
480,,You may speak with Tactician Sakaa to recruit this adventurer.,New Adventurer Available,2,71,0,0,1,0,0,0,0,0,0,1347,0,0,0
481,Soulbind Upgrade: Theotar,Theotar's fourth row of conduits is enhanced.,Theotar Soulbind Row Unlocked,2,70,3485244,2,0,0,0,0,0,0,0,0,0,64508,0
482,Soulbind Upgrade: Draven,Draven's third row of conduits is enhanced.,Draven Soulbind Row Unlocked,2,69,3485245,2,0,0,0,0,0,0,0,0,0,64508,0
483,Soulbind Upgrade: Nadjia,Nadjia's third row of conduits is enhanced.,Nadjia Soulbind Row Unlocked,2,68,3485243,2,0,0,0,0,0,0,0,0,0,64508,0
484,Soulbind Upgrade: Theotar,Theotar's third row of conduits is enhanced.,Theotar Soulbind Row Unlocked,2,67,3485244,2,0,0,0,0,0,0,0,0,0,64508,0
485,,"You will acquire Wisps of Memory, which can be used to grant one adventurer a large amount of experience.",Wisps of Memory Acquired,2,67,0,0,1,186472,0,0,0,0,0,0,0,64453,0
486,Soulbind Upgrade: Nadjia,Nadjia's second row of conduits is enhanced.,Nadjia Soulbind Row Unlocked,2,66,3485243,2,0,0,0,0,0,0,0,0,0,64508,0
487,World Quest Rewards,The item level of your World Quest rewards is increased.,World Quest Max Item Level Increased,2,61,236668,0,1,0,0,0,0,0,0,0,0,64068,91050
488,Soulbind Upgrade: Draven,Draven's second row of conduits is enhanced.,Draven Soulbind Row Unlocked,2,65,3485245,2,0,0,0,0,0,0,0,0,0,64508,0
489,,,Title Unlocked,2,80,3641397,1,0,0,0,0,0,0,701,0,0,64508,0
490,Soulbind Upgrade: Theotar,Theotar's sixth row of conduits is enhanced.,Theotar Soulbind Row Unlocked,2,79,3485244,2,0,0,0,0,0,0,0,0,0,64508,0
491,Soulbind Upgrade: Nadjia,Nadjia's sixth row of conduits is enhanced.,Nadjia Soulbind Row Unlocked,2,78,3485243,2,0,0,0,0,0,0,0,0,0,64508,0
492,Soulbind Upgrade: Draven,Draven's sixth row of conduits is enhanced.,Draven Soulbind Row Unlocked,2,77,3485245,2,0,0,0,0,0,0,0,0,0,64508,0
493,,"You will acquire Wisps of Memory, which can be used to grant one adventurer a large amount of experience.",Wisps of Memory Acquired,2,76,0,0,0,186472,0,0,0,0,0,0,0,64454,0
494,Soulbind Upgrade: Theotar,Theotar's fifth row of conduits is enhanced.,Theotar Soulbind Row Unlocked,2,75,3485244,2,0,0,0,0,0,0,0,0,0,64508,0
495,Soulbind Upgrade: Draven,Draven's fifth row of conduits is enhanced.,Draven Soulbind Row Unlocked,2,74,3485245,2,0,0,0,0,0,0,0,0,0,64508,0
496,,"Your connection with the Venthyr grows, increasing Stamina by 2%.",Stamina Increased,2,59,0,0,1,0,354204,0,0,0,0,0,0,64135,0
497,Soulbind Upgrade: Nadjia,Nadjia's fifth row of conduits is enhanced.,Nadjia Soulbind Row Unlocked,2,73,3485243,2,0,0,0,0,0,0,0,0,0,64508,0
498,Soulbind Upgrade: Nadjia,Nadjia's fourth row of conduits is enhanced.,Nadjia Soulbind Row Unlocked,2,72,3485243,2,0,0,0,0,0,0,0,0,0,64508,0
499,,,A Tiny Pair of Wings Acquired,1,56,0,0,1,186593,0,0,0,0,0,0,0,64137,0
500,Chains of Domination: An Army of Bone and Steel,The next chapter of the Chains of Domination campaign will become available.,New Campaign Quest Available,1,47,1500884,0,0,0,0,0,0,0,0,0,0,64508,0
501,World Quest Rewards,The item level of your World Quest rewards is increased.,World Quest Max Item Level Increased,1,46,236668,0,1,0,0,0,0,0,0,0,0,64067,91039
502,Soulbind Upgrade: Kleia,You may access Kleia's tenth row of Soulbind traits.,Kleia Soulbind Row Unlocked,1,45,3684897,2,0,0,0,0,0,0,0,0,0,64508,0
503,,,Flying Mount Acquired,1,45,0,0,1,0,0,1492,0,0,0,0,0,64138,0
504,Chains of Domination: The Last Sigil,The next chapter of the Chains of Domination campaign will become available.,New Campaign Quest Available,1,44,1500884,0,0,0,0,0,0,0,0,0,0,64508,0
505,Soulbind Upgrade: Pelagos,You may access Pelagos's ninth row of Soulbind traits.,Pelagos Soulbind Row Unlocked,1,43,3684898,2,0,0,0,0,0,0,0,0,0,64508,0
506,,You may speak with Koros to recruit this adventurer.,New Adventurer Available,1,44,0,0,1,0,0,0,0,0,0,1341,0,0,0
507,Soulbind Upgrade: Kleia,You may access Kleia's ninth row of Soulbind traits.,Kleia Soulbind Row Unlocked,1,42,3684897,2,0,0,0,0,0,0,0,0,0,64508,0
508,Elite World Quest Anima Rewards,The amount of anima received from Elite World Quest Rewards is increased.,Elite World Quest Anima Increased,1,47,3528287,2,1,0,0,0,0,0,0,0,0,64073,91036
509,Chains of Domination: A New Path,The next chapter of the Chains of Domination campaign will become available.,New Campaign Quest Available,1,56,1500884,0,0,0,0,0,0,0,0,0,0,64508,0
510,Soulbind Upgrade: Pelagos,You may access Pelagos's twelfth row of Soulbind traits.,Pelagos Soulbind Row Unlocked,1,55,3684898,2,0,0,0,0,0,0,0,0,0,64508,0
511,Soulbind Upgrade: Kleia,You may access Kleia's twelfth row of Soulbind traits.,Kleia Soulbind Row Unlocked,1,54,3684897,2,0,0,0,0,0,0,0,0,0,64508,0
512,Soulbind Upgrade: Mikanikos,You may access Mikanikos's eleventh row of Soulbind traits.,Mikanikos Soulbind Row Unlocked,1,53,3684894,2,0,0,0,0,0,0,0,0,0,64508,0
513,Chains of Domination: The Power of Night,The next chapter of the Chains of Domination campaign will become available.,New Campaign Quest Available,1,52,1500884,0,0,0,0,0,0,0,0,0,0,64508,0
514,,"You will acquire Wisps of Memory, which can be used to grant one adventurer a large amount of experience.",Wisps of Memory Acquired,1,52,0,0,1,186472,0,0,0,0,0,0,0,64443,0
515,Soulbind Upgrade: Pelagos,You may access Pelagos's eleventh row of Soulbind traits.,Pelagos Soulbind Row Unlocked,1,51,3684898,2,0,0,0,0,0,0,0,0,0,64508,0
516,Chains of Domination: The Unseen Guests,The next chapter of the Chains of Domination campaign will become available.,New Campaign Quest Available,1,50,1500884,0,0,0,0,0,0,0,0,0,0,64508,0
517,Soulbind Upgrade: Kleia,You may access Kleia's eleventh row of Soulbind traits.,Kleia Soulbind Row Unlocked,1,49,3684897,2,0,0,0,0,0,0,0,0,0,64508,0
518,Soulbind Upgrade: Mikanikos,You may access Mikanikos's tenth row of Soulbind traits.,Mikanikos Soulbind Row Unlocked,1,48,3684894,2,0,0,0,0,0,0,0,0,0,64508,0
519,Soulbind Upgrade: Kleia,Kleia's second row of conduits is enhanced.,Kleia Soulbind Row Unlocked,1,64,3684897,2,0,0,0,0,0,0,0,0,0,64508,0
520,Soulbind Upgrade: Pelagos,Pelagos's first row of conduits is enhanced.,Pelagos Soulbind Row Unlocked,1,63,3684898,2,0,0,0,0,0,0,0,0,0,64508,0
521,Soulbind Upgrade: Mikanikos,Mikanikos's first row of conduits is enhanced.,Mikanikos Soulbind Row Unlocked,1,62,3684894,2,0,0,0,0,0,0,0,0,0,0,0
522,Unrated PvP Item Level,"You and the Kyrian continue to impress Cartel Zo, allowing you to further upgrade your Season 2 Unrated PvP equipment to Rank 7.",Unrated PvP Max Rank Increase Available,1,59,1713483,0,1,0,0,0,0,0,0,0,0,64508,91048
523,Soulbind Upgrade: Kleia,Kleia's first row of conduits is enhanced.,Kleia Soulbind Row Unlocked,1,61,3684897,2,0,0,0,0,0,0,0,0,0,64508,0
524,,"Your connection with the Kyrian grows, increasing Stamina by 2%.",Stamina Increased,1,50,0,0,1,0,354252,0,0,0,0,0,0,64145,0
525,Chains of Domination: What Lies Ahead,The final chapter of the Chains of Domination campaign will become available.,New Campaign Quest Available,1,58,1500884,1,0,0,0,0,0,0,0,0,0,64508,0
526,Oribos Quest Anima Rewards,The amount of anima received from weekly dungeon and PvP quests in Oribos is increased.,Weekly Dungeon and PvP Quest Anima Rewards Increased,1,73,3528287,0,1,0,0,0,0,0,0,0,0,64082,91042
527,,You may speak with Koros to recruit this adventurer.,New Adventurer Available,1,62,0,0,1,0,0,0,0,0,0,1342,0,64508,0
528,Soulbind Upgrade: Mikanikos,You may access Mikanikos's twelfth row of Soulbind traits.,Mikanikos Soulbind Row Unlocked,1,57,3684894,2,0,0,0,0,0,0,0,0,0,64508,0
529,,You may speak with Koros to recruit this adventurer.,New Adventurer Available,1,71,0,0,1,0,0,0,0,0,0,1343,0,0,0
530,Soulbind Upgrade: Kleia,Kleia's fourth row of conduits is enhanced.,Kleia Soulbind Row Unlocked,1,70,3684897,2,0,0,0,0,0,0,0,0,0,64508,0
531,Soulbind Upgrade: Mikanikos,Mikanikos's third row of conduits is enhanced.,Mikanikos Soulbind Row Unlocked,1,69,3684894,2,0,0,0,0,0,0,0,0,0,64508,0
532,Soulbind Upgrade: Pelagos,Pelagos's third row of conduits is enhanced.,Pelagos Soulbind Row Unlocked,1,68,3684898,2,0,0,0,0,0,0,0,0,0,64508,0
533,Soulbind Upgrade: Kleia,Kleia's third row of conduits is enhanced.,Kleia Soulbind Row Unlocked,1,67,3684897,2,0,0,0,0,0,0,0,0,0,64508,0
534,,"You will acquire Wisps of Memory, which can be used to grant one adventurer a large amount of experience.",Wisps of Memory Acquired,1,67,0,0,1,186472,0,0,0,0,0,0,0,64444,0
535,Soulbind Upgrade: Pelagos,Pelagos's second row of conduits is enhanced.,Pelagos Soulbind Row Unlocked,1,66,3684898,2,0,0,0,0,0,0,0,0,0,64508,0
536,World Quest Rewards,The item level of your World Quest rewards is increased.,World Quest Max Item Level Increased,1,61,236668,0,1,0,0,0,0,0,0,0,0,64068,91050
537,Soulbind Upgrade: Mikanikos,Mikanikos's second row of conduits is enhanced.,Mikanikos Soulbind Row Unlocked,1,65,3684894,2,0,0,0,0,0,0,0,0,0,64508,0
538,Soulbind Upgrade: Mikanikos,Mikanikos's sixth row of conduits is enhanced.,Mikanikos Soulbind Row Unlocked,1,77,3684894,2,0,0,0,0,0,0,0,0,0,64508,0
539,,"You will acquire Wisps of Memory, which can be used to grant one adventurer a large amount of experience.",Wisps of Memory Acquired,1,76,0,0,0,186472,0,0,0,0,0,0,0,64445,0
540,Soulbind Upgrade: Kleia,Kleia's fifth row of conduits is enhanced.,Kleia Soulbind Row Unlocked,1,75,3684897,2,0,0,0,0,0,0,0,0,0,64508,0
541,Soulbind Upgrade: Mikanikos,Mikanikos's fifth row of conduits is enhanced.,Mikanikos Soulbind Row Unlocked,1,74,3684894,2,0,0,0,0,0,0,0,0,0,64508,0
542,,"Your connection with the Kyrian grows, increasing Stamina by 2%.",Stamina Increased,1,59,0,0,1,0,354257,0,0,0,0,0,0,64146,0
543,Soulbind Upgrade: Pelagos,Pelagos's fifth row of conduits is enhanced.,Pelagos Soulbind Row Unlocked,1,73,3684898,2,0,0,0,0,0,0,0,0,0,64508,0
544,Soulbind Upgrade: Pelagos,Pelagos's fourth row of conduits is enhanced.,Pelagos Soulbind Row Unlocked,1,72,3684898,2,0,0,0,0,0,0,0,0,0,64508,0
545,Soulbind Upgrade: Mikanikos,Mikanikos's fourth row of conduits is enhanced.,Mikanikos Soulbind Row Unlocked,1,71,3684894,2,0,0,0,0,0,0,0,0,0,64508,0
546,,,Title Unlocked,1,80,3641395,1,0,0,0,0,0,0,702,0,0,64508,0
547,Soulbind Upgrade: Kleia,Kleia's sixth row of conduits is enhanced.,Kleia Soulbind Row Unlocked,1,79,3684897,2,0,0,0,0,0,0,0,0,0,64508,0
548,Soulbind Upgrade: Pelagos,Pelagos's sixth row of conduits is enhanced.,Pelagos Soulbind Row Unlocked,1,78,3684898,2,0,0,0,0,0,0,0,0,0,64508,0
549,Unrated PvP Item Level,"The Kyrian will make inroads with Cartel Zo of Oribos, allowing you to upgrade Season 2 Unrated PvP equipment to Rank 5.",Unrated PvP Max Rank Increase Available,1,43,1713483,0,1,0,0,0,0,0,0,0,0,0,91854
550,Unrated PvP Item Level,"The Necrolords will make inroads with Cartel Zo of Oribos, allowing you to upgrade Unrated PvP equipment to Rank 5.",Unrated PvP Max Rank Increase Available,4,43,1713483,0,1,0,0,0,0,0,0,0,0,0,91854
551,Unrated PvP Item Level,"The Night Fae will make inroads with Cartel Zo of Oribos, allowing you to upgrade Season 2 Unrated PvP equipment to Rank 5.",Unrated PvP Max Rank Increase Available,3,43,1713483,0,1,0,0,0,0,0,0,0,0,0,91854
552,Unrated PvP Item Level,"The Venthyr will make inroads with Cartel Zo of Oribos, allowing you to upgrade Season 2 Unrated PvP equipment to Rank 5.",Unrated PvP Max Rank Increase Available,2,43,1713483,0,1,0,0,0,0,0,0,0,0,0,91854
553,,This mount will become available for purchase from the Renown Quartermaster.,New Mount Available,1,70,0,0,1,0,0,1494,0,0,0,0,0,0,0
554,,This mount will become available for purchase from the Renown Quartermaster.,New Mount Available,4,70,0,0,1,0,0,1496,0,0,0,0,0,0,0
555,,This mount will become available for purchase from the Renown Quartermaster.,New Mount Available,3,70,0,0,1,0,0,1485,0,0,0,0,0,0,0
556,,This mount will become available for purchase from the Renown Quartermaster.,New Mount Available,2,70,0,0,1,0,0,1489,0,0,0,0,0,0,0
557,,You will acquire this Ensemble.,New Appearances Acquired,1,60,0,0,0,0,0,0,0,2208,0,0,0,64372,0
558,,You will acquire this Ensemble.,New Appearances Acquired,4,60,0,0,0,0,0,0,0,2212,0,0,0,64373,0
559,,You will acquire this Ensemble.,New Appearances Acquired,3,60,0,0,0,0,0,0,0,2205,0,0,0,64374,0
560,,You will acquire this Ensemble.,New Appearances Acquired,2,60,0,0,0,0,0,0,0,2214,0,0,0,64375,0
561,,,New Appearances Available,3,77,0,0,1,0,0,0,0,2202,0,0,0,0,0
562,,,New Appearances Available,1,77,0,0,1,0,0,0,0,2209,0,0,0,0,0
563,,,New Appearances Available,4,77,0,0,1,0,0,0,0,2211,0,0,0,0,0
564,,,New Appearances Available,2,77,0,0,1,0,0,0,0,2217,0,0,0,0,0
565,,,New Recovered Memory Acquired,1,48,0,0,1,186566,0,0,0,0,0,0,0,64378,40073
566,,,New Recovered Memory Acquired,1,48,0,0,1,187111,0,0,0,0,0,0,0,64379,42788
567,,,New Recovered Memory Acquired,1,48,0,0,1,186673,0,0,0,0,0,0,0,64395,42789
568,,,New Recovered Memory Acquired,1,48,0,0,1,187229,0,0,0,0,0,0,0,64392,42790
569,,,New Recovered Memory Acquired,1,48,0,0,1,186591,0,0,0,0,0,0,0,64386,39985
570,,,New Recovered Memory Acquired,1,48,0,0,1,187237,0,0,0,0,0,0,0,64413,42791
571,,,New Recovered Memory Acquired,1,48,0,0,1,187106,0,0,0,0,0,0,0,64417,42792
572,,,New Recovered Memory Acquired,1,48,0,0,1,187163,0,0,0,0,0,0,0,64405,39986
573,,,New Recovered Memory Acquired,1,48,0,0,1,186775,0,0,0,0,0,0,0,64396,42230
574,,,New Recovered Memory Acquired,1,48,0,0,1,187259,0,0,0,0,0,0,0,64409,42793
575,,,New Recovered Memory Acquired,1,48,0,0,1,187225,0,0,0,0,0,0,0,64412,39987
576,,,New Recovered Memory Acquired,1,48,0,0,1,187511,0,0,0,0,0,0,0,64418,42794
577,,,New Recovered Memory Acquired,4,48,0,0,1,186568,0,0,0,0,0,0,0,64404,40073
578,,,New Recovered Memory Acquired,4,48,0,0,1,187118,0,0,0,0,0,0,0,64424,42788
579,,,New Recovered Memory Acquired,4,48,0,0,1,186577,0,0,0,0,0,0,0,64425,42789
580,,,New Recovered Memory Acquired,4,48,0,0,1,187230,0,0,0,0,0,0,0,64393,42790
581,,,New Recovered Memory Acquired,4,48,0,0,1,186621,0,0,0,0,0,0,0,64391,39985
582,,,New Recovered Memory Acquired,4,48,0,0,1,187217,0,0,0,0,0,0,0,64398,42791
583,,,New Recovered Memory Acquired,4,48,0,0,1,187107,0,0,0,0,0,0,0,64399,42792
584,,,New Recovered Memory Acquired,4,48,0,0,1,187160,0,0,0,0,0,0,0,64414,39986
585,,,New Recovered Memory Acquired,4,48,0,0,1,186712,0,0,0,0,0,0,0,64383,42230
586,,,New Recovered Memory Acquired,4,48,0,0,1,186689,0,0,0,0,0,0,0,64384,42793
587,,,New Recovered Memory Acquired,4,48,0,0,1,187226,0,0,0,0,0,0,0,64420,39987
588,,,New Recovered Memory Acquired,4,48,0,0,1,186570,0,0,0,0,0,0,0,64421,42794
589,,,New Recovered Memory Acquired,3,48,0,0,1,186565,0,0,0,0,0,0,0,64406,40073
590,,,New Recovered Memory Acquired,3,48,0,0,1,187109,0,0,0,0,0,0,0,64385,42788
591,,,New Recovered Memory Acquired,3,48,0,0,1,186687,0,0,0,0,0,0,0,64397,42789
592,,,New Recovered Memory Acquired,3,48,0,0,1,187231,0,0,0,0,0,0,0,64388,42790
593,,,New Recovered Memory Acquired,3,48,0,0,1,187280,0,0,0,0,0,0,0,64403,39985
594,,,New Recovered Memory Acquired,3,48,0,0,1,187258,0,0,0,0,0,0,0,64380,42791
595,,,New Recovered Memory Acquired,3,48,0,0,1,187132,0,0,0,0,0,0,0,64382,42792
596,,,New Recovered Memory Acquired,3,48,0,0,1,187161,0,0,0,0,0,0,0,64408,39986
597,,,New Recovered Memory Acquired,3,48,0,0,1,186676,0,0,0,0,0,0,0,64401,42230
598,,,New Recovered Memory Acquired,3,48,0,0,1,187223,0,0,0,0,0,0,0,64416,42793
599,,,New Recovered Memory Acquired,3,48,0,0,1,187227,0,0,0,0,0,0,0,64402,39987
600,,,New Recovered Memory Acquired,3,48,0,0,1,186576,0,0,0,0,0,0,0,64423,42794
601,,,New Recovered Memory Acquired,2,48,0,0,1,186567,0,0,0,0,0,0,0,64381,40073
602,,,New Recovered Memory Acquired,2,48,0,0,1,187105,0,0,0,0,0,0,0,64394,42788
603,,,New Recovered Memory Acquired,2,48,0,0,1,186609,0,0,0,0,0,0,0,64389,42789
604,,,New Recovered Memory Acquired,2,48,0,0,1,187232,0,0,0,0,0,0,0,64419,42790
605,,,New Recovered Memory Acquired,2,48,0,0,1,186635,0,0,0,0,0,0,0,64390,39985
606,,,New Recovered Memory Acquired,2,48,0,0,1,187277,0,0,0,0,0,0,0,64387,42791
607,,,New Recovered Memory Acquired,2,48,0,0,1,187127,0,0,0,0,0,0,0,64400,42792
608,,,New Recovered Memory Acquired,2,48,0,0,1,187162,0,0,0,0,0,0,0,64410,39986
609,,,New Recovered Memory Acquired,2,48,0,0,1,186710,0,0,0,0,0,0,0,64411,42230
610,,,New Recovered Memory Acquired,2,48,0,0,1,187224,0,0,0,0,0,0,0,64415,42793
611,,,New Recovered Memory Acquired,2,48,0,0,1,187228,0,0,0,0,0,0,0,64422,39987
612,,,New Recovered Memory Acquired,2,48,0,0,1,186572,0,0,0,0,0,0,0,64407,42794
613,,,New Appearances Available,2,64,0,0,1,0,0,0,0,2221,0,0,0,0,0
614,,,New Appearances Available,2,74,0,0,1,0,0,0,0,2218,0,0,0,0,0
615,World Quest Rewards,The item level of your World Quest rewards is increased.,World Quest Max Item Level Increased,1,75,236668,0,1,0,0,0,0,0,0,0,0,64069,92127
616,World Quest Rewards,The item level of your World Quest rewards is increased.,World Quest Max Item Level Increased,4,75,236668,0,1,0,0,0,0,0,0,0,0,64069,92127
617,World Quest Rewards,The item level of your World Quest rewards is increased.,World Quest Max Item Level Increased,3,75,236668,0,1,0,0,0,0,0,0,0,0,64069,92127
618,World Quest Rewards,The item level of your World Quest rewards is increased.,World Quest Max Item Level Increased,2,75,236668,0,1,0,0,0,0,0,0,0,0,64069,92127
619,Soulbind Upgrade: Mikanikos,You may access Mikanikos's ninth row of Soulbind traits.,Mikanikos Soulbind Row Unlocked,1,41,3684894,2,0,0,0,0,0,0,0,0,0,64508,0
620,Soulbind Upgrade: Pelagos,You may access Pelagos's tenth row of Soulbind traits.,Pelagos Soulbind Row Unlocked,1,46,3684898,2,0,0,0,0,0,0,0,0,0,64508,0
621,Among the Maruuk Centaur,Joined forces with the Maruuk centaur on the Ohn'ahran Plains.,,12,1,3012071,0,0,0,0,0,0,0,0,0,0,0,0
622,Maruuk Supply Satchel,A satchel full of supplies you can use to aid the various Maruuk Centaur clans.,,12,2,133669,0,0,189765,0,0,0,0,0,0,0,0,0
623,Maruuk Supply Satchel,A satchel full of supplies you can use to aid the various Maruuk Centaur clans.,,12,3,133669,0,0,189765,0,0,0,0,0,0,0,0,0
624,Maruuk Supply Satchel,A satchel full of supplies you can use to aid the various Maruuk Centaur clans.,,12,4,133669,0,0,189765,0,0,0,0,0,0,0,0,0
625,Path of the Trapper,Allows you to unlock the Path of the Trapper with Clan Shikaar.,,12,5,461122,0,0,0,0,0,0,0,0,0,0,0,0
626,The Dragonscale Expedtion,Begin your adventures with the Dragonscale Expedition.,,13,1,4553783,0,0,0,0,0,0,0,0,0,0,0,0
627,Expedition Scout Packs,Information on finding Expedition Scout packs around the Dragon Isles.,,13,2,130716,0,0,0,0,0,0,0,0,0,0,0,0
628,Activity Unlock - Climbing Backpack,"Earn a Dragonscale Expedition Backpack, allowing you to take part in special clmbing activities across the Dragon Isles.",,13,7,4562583,0,0,0,0,0,0,0,0,0,0,0,0
629,Ancient Waygate,Seek out Thaelin Darkanvil at the Dragonscale Basecamp to pursue additional Ancient Waygates across the Dragon Isles.,,13,8,4578411,0,0,0,0,0,0,0,0,0,0,66584,0
630,Simple Archaeology Tools,Purchase simple archaeology tool transmogs in the Dragonscale Basecamp from Rae'ana.,,13,3,133054,0,0,0,0,0,0,0,0,0,0,0,0
631,Expedition Equipment 1,Purchase a pair of Expedition gloves that are item level 382 in the Dragonscale Basecamp from Pathfinder Jeb.,,13,14,4291725,0,0,0,0,0,0,0,0,0,0,0,0
632,Magic Bound Chests,"Ability to open Magic Bound Chests as long as you possess an Enchanted Lockpicks, purchaseable at the Dragonscale Expedition base camp.",,13,18,2201832,0,0,0,0,0,0,0,0,0,0,0,0
634,Formula: Enduring Enchanted Lockpicks,Purchase the Enchanting Formula: Enduring Enchanted Lockpicks in the Dragonscale Basecamp from Boss Magor.,,13,18,1392955,0,0,0,0,0,0,0,0,0,0,0,96831
635,Additional Ancient,Seek out Thaelin Darkanvil at the Dragonscale Basecamp to pursue additional Ancient Waygates across the Dragon Isles.,,13,11,4578411,0,0,0,0,0,0,0,0,0,0,66584,0
636,Activity Unlock - Photography Tours,Unlock your Expedition Camera and gain access to the Photography Expedition activities in various places across the Dragon Isles.,,13,9,1109101,0,0,0,0,0,0,0,0,0,0,0,0
637,Buried Treasures,"Ability to find and dig through Disturbed Dirt mounds as long as you possess a Expedition Shovel, purchaseable at the Dragonscale Expedition base camp from Pathfinder Jeb.",,13,5,2201832,0,0,0,0,0,0,0,0,0,0,0,0
639,Plans: Enduring Shovel,Purchase the Blacksmithing Plans: Enduring Shovel in the Dragonscale Basecamp from Boss Magor.,,13,5,1392955,0,0,0,0,0,0,0,0,0,0,0,96828
640,Bonus Supplies,Increase the amount of supplies you discover from treasures by 25%.,,13,10,1397630,0,0,0,0,0,0,0,0,0,0,0,0
641,Wayfinder's Compass,Receive the Wayfinder's Compass Toy in the Dragonscale Basecamp from Pathfinder Jeb.,,13,9,4635197,0,0,0,0,0,0,0,0,0,0,0,0
642,Ancient Waygate,Seek out Thaelin Darkanvil at the Dragonscale Basecamp to pursue additional Ancient Waygates across the Dragon Isles.,,13,14,4578411,0,0,0,0,0,0,0,0,0,0,66584,0
643,Expedition Animal Specialist,Purchase the Marmoset or Black Skitterbug pet in the Dragonscale Basecamp from Granpap Whiskers.,,13,13,2991181,0,0,0,0,0,0,0,0,0,0,0,0
644,Technique: Illusion Parchments: Magma Missile,Purchase the Technique: Illusion Parchments: Magma Missile in the Dragonscale Basecamp at Boss Magor.,,13,25,134941,0,0,0,0,0,0,0,0,0,0,0,96832
646,Designs: Gems,"Purchase the designs for Radiant Kalecite, Energized Kalecite, Sensei's Neltharite and Keen Neltharite in the Dragonscale Basecamp from Boss Magor.",,13,10,1500870,0,0,0,0,0,0,0,0,0,0,0,96833
647,Jewelcrafting Trinkets,Purchase the Design: Idol of the Earthwarder and Design: Idol of the Lifebinder in the Dragonscale Basecamp at Boss Magor.,,13,15,1500870,0,0,0,0,0,0,0,0,0,0,0,0
648,Quest Line: Dragonscale Expedition Chapter 1,Gain access to the first chapter of the Dragon Expedition's continued adventures.,,13,15,236669,0,0,0,0,0,0,0,0,0,0,0,0
649,Dragonscale Expedition Ensembles,Purchase Dragonscale Expedition Ensembles in the Dragonscale Expedition basecamp from Pathfinder Jeb.,,13,16,4291724,0,0,0,0,0,0,0,0,0,0,0,0
650,,"Purchase Expedition Metal Detectors in the Dragonscale Basecamp from Pathfinder Jebb, that grants you the ability to track treasures on your mini-map for a short time.",,13,25,0,0,0,191552,0,0,0,0,0,0,0,0,0
652,Ancient Waygate,Seek out Thaelin Darkanvil at the Dragonscale Basecamp to pursue additional Ancient Waygates across the Dragon Isles.,,13,17,4578411,0,0,0,0,0,0,0,0,0,0,66584,0
653,Crafter's Gear Patterns,Purchase the Pattern: Master's Wildercloth Fishing Cap and Pattern: Master's Wildercloth Chef's Hat in the Dragonscale Basecamp from Boss Magor.,,13,17,4549162,0,0,0,0,0,0,0,0,0,0,0,96826
654,Pattern: Throw Pillow and Pattern: Exlorer's Tent,Purchase the Tailoring Pattern: Throw Pillow and the Pattern: Exlorer's Tent in the Dragonscale Basecamp from Boss Magor.,,13,20,1392955,0,0,0,0,0,0,0,0,0,0,0,96826
655,Researching in Comfort,Purchase various pillow toys in the Dragonscale Basecamp from Rae'ana.,,13,20,1392559,0,0,0,0,0,0,0,0,0,0,0,0
656,Explosive Archaeology,Ability to purchase Expedition Explosives at the Dragonscale Basecamp from Pathfinder Jeb.,,13,19,133713,0,0,0,0,0,0,0,0,0,0,0,0
657,Schematic: Primal Deconstruction Charge,Purchase the Engineering Schematic: Primal Deconstruction Charge in the Dragonscale Basecamp from Boss Magor.,,13,10,1392955,0,0,0,0,0,0,0,0,0,0,0,96829
658,Ancient Waygate,Seek out Thaelin Darkanvil at the Dragonscale Basecamp to pursue additional Ancient Waygates across the Dragon Isles.,,13,20,4578411,0,0,0,0,0,0,0,0,0,0,66584,0
659,Bonus Supplies II,Increase the chance to find double Dragon Isles Supplies in treasure chests to 50%.,,13,21,1397630,0,0,0,0,0,0,0,0,0,0,0,0
660,Expert Archaeology Tools,Purchase expert archaeology toys in the Dragonscale Basecamp from Rae'ana.,,13,24,1391897,0,0,0,0,0,0,0,0,0,0,0,0
661,Pattern: Azureweave Adventurer's Pack,Purchase the Azureweave Adventurer's Pack in the Dragonscale Basecamp from Boss Magor.,,13,22,4549162,0,0,0,0,0,0,0,0,0,0,0,96826
662,Mech-a-Duck Treasure Tracker,"Purchase the Mech-A-Duck Tracker Core in the Expedition Basecamp from Boss Magor, a crucial component in having the Mech-a-Duck pet crafted, which can help you find treasures around the Dragon Isles.",,13,25,4048816,0,0,0,0,0,0,0,0,0,0,0,0
663,Ancient Waygate,Seek out Thaelin Darkanvil at the Dragonscale Basecamp to pursue additional Ancient Waygates across the Dragon Isles.,,13,23,4578411,0,0,0,0,0,0,0,0,0,0,66584,0
664,Technique: Dragonscale Expedition Contract,Purchase Technique: Dragonscale Expedition Contract in the Dragonscale Basecamp from Boss Magor.,,13,22,4549174,0,0,0,0,0,0,0,0,0,0,0,0
665,Dragonscale Expedition Tabard,Unlock the Dragonscale Expedition Tabard from the Dragonscale Basecamp from Cataloger Jakes.,,13,22,514262,0,0,0,0,0,0,0,0,0,0,0,0
666,Schematic: Enduring Tool Box,Purchase the Schematic: Enduring Toolbox profession recipe in the Dragonscale Basecamp from Boss Magor.,,13,25,1392955,0,0,0,0,0,0,0,0,0,0,0,96829
669,Ancient Waygate,Seek out Thaelin Darkanvil at the Dragonscale Basecamp to pursue additional Ancient Waygates across the Dragon Isles.,,13,26,4578411,0,0,0,0,0,0,0,0,0,0,66584,0
670,Dragonfly Riding,"Unlock the ability to find and tame dragonfly mounts, purchase some dragonfly mounts in the Dragonscale Basecamp from Granpap Whiskers.",,13,30,3995641,0,0,0,0,0,0,0,0,0,0,0,0
671,Quest Line: Dragonscale Expedition Chapter 2,Gain access to the second chapter of the Dragon Expedition's continued adventures.,,13,29,236669,0,0,0,0,0,0,0,0,0,0,0,0
673,Mount Customizations I,"Purchase brow, crest and jaw mount customizations for your Dragon Isle drakes in the Dragonscale Basecamp from Rae'ana.",,13,8,4622499,0,0,0,0,0,0,0,0,0,0,0,0
674,Schematic: Gravity Bomb,Purchase the Schematic: Gravity Bomb in the Dragonscale Basecamp from Boss Magor.,,13,10,1392955,0,0,0,0,0,0,0,0,0,0,0,96829
675,Crafter's Gear Patterns,Purchase the Design: Scribes Magnifier in the Dragonscale Basecamp from Boss Magor.,,13,17,1500870,0,0,0,0,0,0,0,0,0,0,0,96833
676,Crafter's Gear Patterns,Purchase the Schematic: Ore Pack and Schematic: Tailor's Shears in the Dragonscale Basecamp from Boss Magor.,,13,17,1392955,0,0,0,0,0,0,0,0,0,0,0,96829
677,Technique: Renewed Proto-Drake: Spined Hair Manuscript,Purchase the Technique: Renewed Proto-Drake: Spined Hair Manuscript in the Dragonscale Basecamp from Boss Magor.,,13,19,4549162,0,0,0,0,0,0,0,0,0,0,0,96832
678,Mount Customizations II,"Purchase tail, horn and pattern mount customizations for your Dragon Isle drakes in the Dragonscale Basecamp from Rae'ana.",,13,19,4622499,0,0,0,0,0,0,0,0,0,0,0,0
679,Mount Customizations III,Purchase mount customizations that unlock the Red Skin Color for your Dragon Isle drakes in the Dragonscale Basecamp from Rae'ana.,,13,27,4622499,0,0,0,0,0,0,0,0,0,0,0,0
680,Schematic: Mech-a-Duck,Purchase the Schematic: Mech-a-Duck in the Dragonscale Basecamp from Boss Magor.,,13,25,4048816,0,0,0,0,0,0,0,0,0,0,0,96829
681,Banners of the United Factions,Purchase the banners for the Reliquary and Explorer's League that now are united in the Dragonscale Expedtion in the Dragonscale Basecamp from Cataloger Jakes.,,13,22,132487,0,0,0,0,0,0,0,0,0,0,0,0
682,Pattern: Duck Stuffed Duck Lovie,Purchase the Pattern: Duck Stuffed Duck Lovie in the Dragonscale Basecamp from Boss Magor.,,13,25,4549162,0,0,0,0,0,0,0,0,0,0,0,96829
683,Jeweled Whelpling Treasure Maps,"Unlocks the ability to find Treasure Maps leading to Jeweled Whelpling materials and patterns, speak to Boss Magor in the Dragonscale Basecamp for your first Treasure Map.",,13,25,237387,0,0,0,0,0,0,0,0,0,0,0,0
684,Advanced Archaeology Tools,Purchase larger archaeology tool transmogs in the Dragonscale Basecamp from Rae'ana.,,13,7,4202228,0,0,0,0,0,0,0,0,0,0,0,0
685,Expedition Equipment II,Purchase a pair of Expedition pants that are item level 398 in the Dragonscale Basecamp from Pathfinder Jeb.,,13,28,4291727,0,0,0,0,0,0,0,0,0,0,0,0
686,Ancient Waygate,Seek out Thaelin Darkanvil at the Dragonscale Basecamp to research the Ancient Waygate.,,13,6,4578411,0,0,0,0,0,0,0,0,0,0,0,0
687,,,,13,4,0,0,0,198863,0,0,0,0,0,0,0,0,0
688,,,,13,26,0,0,0,198865,0,0,0,0,0,0,0,0,0
689,Referrel Bonus II,Increase the Dragonscale Expedition reputation gain of characters on your account under Renown 20 by 50%.,,13,23,413570,0,0,0,0,0,0,0,0,0,0,0,0
690,,,,13,20,0,0,0,198865,0,0,0,0,0,0,0,0,0
691,,,,13,17,0,0,0,198865,0,0,0,0,0,0,0,0,0
692,Referrel Bonus I,Increase the Dragonscale Expedition reputation gain of characters on your account under Renown 10 by 25%.,,13,12,413570,0,0,0,0,0,0,0,0,0,0,0,0
693,,,,13,11,0,0,0,198863,0,0,0,0,0,0,0,0,0
694,The Iskaara Tuskarr,Begin to build a relationship with the Iskaara Tuskarr.,,14,1,4566513,0,0,0,0,0,0,0,0,0,0,0,0
695,Sacred Tuskarr Totems,Information on identifying Sacred Tuskarr totems that have been stolen.,,14,2,442741,0,0,0,0,0,0,0,0,0,0,0,0
696,Meal Time,"Unlock Meal Time, allowing you to contribute to the great Tuskarr feast and get buffs.",,14,3,2066013,0,0,0,0,0,0,0,0,0,0,0,0
697,Cooking Supplies,Purchase simple cooking toys in Iskaara from _____.,,14,4,644380,0,0,0,0,0,0,0,0,0,0,0,0
698,Highlands Fishing,Unlock fishing nodes in the highest pools and lakes of the Dragon Isles.,,14,5,4672495,0,0,0,0,0,0,0,0,0,0,0,0
699,Fishing Nets,Unlock the ability to set Fishing Nets around the Dragon Isles.,,14,6,2159817,0,0,0,0,0,0,0,0,0,0,0,0
700,Fishing Harpoon,Unlock the ability to Harpoon large sea creatures of the Dragon Isles.,,14,7,1911518,0,0,0,0,0,0,0,0,0,0,0,0
701,Ice Fishing,Unlock fishing nodes in the ice of the Dragon Isles.,,14,10,236801,0,0,0,0,0,0,0,0,0,0,0,0
702,Fishing Nets II,Upgrade your Fishing Nets.,,14,13,2159815,0,0,0,0,0,0,0,0,0,0,0,0
703,Lava Fishing,Unlock fishing nodes in the lava of the Dragon Isles.,,14,17,514278,0,0,0,0,0,0,0,0,0,0,0,0
704,Fishing Harpoon II,Upgrade your fishing Harpoon.,,14,21,1376040,0,0,0,0,0,0,0,0,0,0,0,0
705,Meal Time II,"Upgrade Meal Time, increasing your buffs and streamlining your experience.",,14,27,2066011,0,0,0,0,0,0,0,0,0,0,0,0
706,Fishing Caches,Allows you to find Fishing Caches along coasts or near fishing holes.,,14,29,294477,0,0,0,0,0,0,0,0,0,0,0,0
707,Fishing Tackle,Purchase a Fishing Tackle box that you can stock to give your friends and yourself bonus fishing skill.,,14,32,1529273,0,0,0,0,0,0,0,0,0,0,0,0
708,Mount Customization I,"Purchase brow, crest and jaw mount customizations for your Dragon Isle drakes in Iskaara from ____.",,14,6,4622497,0,0,0,0,0,0,0,0,0,0,0,0
709,Mount Customization II,"Purchase tail, horn and pattern mount customizations for your Dragon Isle drakes in Iskaara from ____.",,14,19,4622497,0,0,0,0,0,0,0,0,0,0,0,0
710,Mount Customization III,Purchase mount customizations that unlock the Blue Skin Color for your Dragon Isle drakes in Iskaara from _____.,,14,31,4622497,0,0,0,0,0,0,0,0,0,0,0,0
711,Tuskarr Headwear,Purchase warm headwear in Iskaara from _____.,,14,7,4620974,0,0,0,0,0,0,0,0,0,0,0,0
712,Tuskarr Backpacks,Purchase hearty backpacks in Iskaara from _____.,,14,18,4620163,0,0,0,0,0,0,0,0,0,0,0,0
713,Tuskarr Shoulderpads,Purchase Tuskarr crafted shoulderpads in Iskaara from _____.,,14,30,4621334,0,0,0,0,0,0,0,0,0,0,0,0
714,Tuskarr Weaponry,Purchase Tuskarr weaponry in Iskaara from _____.,,14,26,4183251,0,0,0,0,0,0,0,0,0,0,0,0
715,Gnoll Backpacks,Purchase Gnoll Backpacks in Iskaara from _____.,,14,33,4562569,0,0,0,0,0,0,0,0,0,0,0,0
716,Stable Master in Training,Purchase the Purple Ottuk Pup or Blue Timbertooth Pup pets in Iskaara from ____.,,14,9,3751919,0,0,0,0,0,0,0,0,0,0,0,0
717,Tuskarr Ensemble,Unlock the Tuskarr Tracker's Ensemble in Iskaara from _____.,,14,12,4095088,0,0,0,0,0,0,0,0,0,0,0,0
718,Snow Fun,Purchase fun snow themed toys in Iskaara from _____.,,14,28,1247304,0,0,0,0,0,0,0,0,0,0,0,0
719,Bean Bags,Purchase Bean Bags in Iskaara from _____.,,14,25,1519423,0,0,0,0,0,0,0,0,0,0,0,0
720,Fisherman's Folly,Purchase the Fisherman's Folly toys in Iskaara from _____.,,14,20,533422,0,0,0,0,0,0,0,0,0,0,0,0
721,Tuskarr Tabard,Unlock the Iskaara Tuskarr Tabard in Iskaara from _____.,,14,23,4566513,0,0,0,0,0,0,0,0,0,0,0,0
722,Unknown Toys,Purchase the ____ Toys in Iskaara from _____.,,14,15,939375,0,0,0,0,0,0,0,0,0,0,0,0
723,Tuskarr Equipment II,Purchase a pair of Insulated Shoulderpads that are item level 398 in Iskaara from _______.,,14,34,4095092,0,0,0,0,0,0,0,0,0,0,0,0
724,Tuskarr Equipment I,Purchase a pair of Wooly Bracers that are item level 385 in Iskaara from _______.,,14,16,4095086,0,0,0,0,0,0,0,0,0,0,0,0
725,Ottuk Riding,Unlock the ability to purchase and ride Ottuk in Iskaara from ____.,,14,35,4093849,0,0,0,0,0,0,0,0,0,0,0,0
726,Grand Expeditioner,Unlock the title Grand Expeditioner.,,13,30,4553783,0,0,0,0,0,0,0,0,0,0,0,0
727,Honorary Tuskarr,Unlock the title Honorary Tuskarr.,,14,35,4186580,0,0,0,0,0,0,0,0,0,0,0,0
728,Tuskarr Relics I,Learn of stolen Tuskarr Relics taken by their enemies.,,14,5,442740,0,0,0,0,0,0,0,0,0,0,0,0
729,Tuskarr Relics II,Learn of stolen Tuskarr Relics taken into Dragon Isles dungeons.,,14,17,442740,0,0,0,0,0,0,0,0,0,0,0,0
730,Referrel Bonus I,Increase the Iskaara Tuskarr reputation gain of characters on your account under Renown 10 by 25%.,,14,14,413570,0,0,0,0,0,0,0,0,0,0,0,0
731,Referrel Bonus II,Increase the Iskaara Tuskarr reputation gain of characters on your account under Renown 20 by 50%.,,14,24,413570,0,0,0,0,0,0,0,0,0,0,0,0
732,Referrel Bonus III,Increase the Iskaara Tuskarr reputation gain of characters on your account under Renown 30 by 75%.,,14,32,413570,0,0,0,0,0,0,0,0,0,0,0,0
733,Bonus Supplies II,Increase the chance to gather double Dragon Isles Supplies from plantlife to 50%.,,14,22,133651,0,0,0,0,0,0,0,0,0,0,0,0
734,Bonus Supplies I,Gain a 25% chance to gather double Dragon Isles Supplies from plantlife.,,14,8,133651,0,0,0,0,0,0,0,0,0,0,0,0
735,,,,14,3,0,0,0,198866,0,0,0,0,0,0,0,0,0
736,,,,14,10,0,0,0,198866,0,0,0,0,0,0,0,0,0
737,,,,14,13,0,0,0,198866,0,0,0,0,0,0,0,0,0
738,,,,14,21,0,0,0,198867,0,0,0,0,0,0,0,0,0
739,,,,14,27,0,0,0,198867,0,0,0,0,0,0,0,0,0
740,,,,14,33,0,0,0,198867,0,0,0,0,0,0,0,0,0
741,Jewelcrafting Trinkets,Purchase the Design: Idol of the Spellweaver and Design: Idol of the Dreamweaver in Iskaara at ______.,,14,17,0,0,0,0,0,0,0,0,0,0,0,0,0
742,Technique: Black Haired Hilghland Drake Manuscript,Purchase the Technique: Black Haired Hilghland Drake Manuscript in Iskaara at ______.,,14,19,0,0,0,0,0,0,0,0,0,0,0,0,0
743,Crafter's Gear Patterns,"Purchase the Pattern: Magnificent Engineer's Pinch-Proof Handguards, Pattern: Lavish Herbalist's Botany Pack, Pattern: Master Jeweler's Tool Holster, Pattern: Respelendent Skinner's Trapping Cap in Iskaara at ______.",,14,21,0,0,0,0,0,0,0,0,0,0,0,0,0
744,Crafter's Gear Patterns,Purchase the Pattern: Finished Prototype Regal Barding in Iskaara at ______.,,14,34,0,0,0,0,0,0,0,0,0,0,0,0,0
745,Technique: Iskaara Tuskarr Contract,Purchase the Technique: Iskaara Tuskarr Contract in Iskaara at ______.,,14,28,0,0,0,0,0,0,0,0,0,0,0,0,0
746,Pattern: Simple Tuskarr Bean Bag,Purchase the Pattern: Simple Tuskarr Bean Bag in Iskaara at ______.,,14,25,0,0,0,0,0,0,0,0,0,0,0,0,0
747,Quest Line: The Lost Tribe,Gain access to the Lost Tribe Tuskarr questline.,,14,11,4672500,0,0,0,0,0,0,0,0,0,0,0,0
748,The Valdrakken Accord,Begin to gain renown with the Valdrakken Accord.,,15,1,4569780,0,0,0,0,0,0,0,0,0,0,0,0
749,Ancient Dragon Treasures,Unlock the ability to open Ancient Dragon treasures.,,15,2,3753262,0,0,0,0,0,0,0,0,0,0,0,0
750,Dragon Cooking,Purchase cooking toys and utensils in Valdrakken from ______.,,15,3,2264901,0,0,0,0,0,0,0,0,0,0,0,0
751,Toy ???,Purchase unknown toy in Valdrakken from ______.,,15,15,2264901,0,0,0,0,0,0,0,0,0,0,0,0
752,Toy ???,Purchase unknown toy in Valdrakken from ______.,,15,27,2264901,0,0,0,0,0,0,0,0,0,0,0,0
753,Dragon Banners,Purchase Dragon Banner toys in Valdrakken from ______.,,15,30,4624619,0,0,0,0,0,0,0,0,0,0,0,0
754,Gardening Tools,Purchase gardening tools in Valdrakken from Gryrmpech.,,15,5,794468,0,0,0,0,0,0,0,0,0,0,0,0
755,Basic Dragonspawn Shoulders,Purchase Basic Dragonspawn Shoulders in Valdrakken from _______.,,15,10,3447989,0,0,0,0,0,0,0,0,0,0,0,0
756,Bladed Drakonid Shoulders,Purchase Bladed Drakonid Shoulders in Valdrakken from _______.,,15,25,2901593,0,0,0,0,0,0,0,0,0,0,0,0
757,Elaborate Dragonspawn Shoulders,Purchase Elaborate Dragonspawn Shoulders in Valdrakken from _______.,,15,32,3395748,0,0,0,0,0,0,0,0,0,0,0,0
758,Drakonid Helms,Purchase Drakonid Helms in Valdrakken from _______.,,15,16,2906599,0,0,0,0,0,0,0,0,0,0,0,0
759,Titan Weaponry,Purchase Titan Weaponry in Valdrakken from _______.,,15,22,4331966,0,0,0,0,0,0,0,0,0,0,0,0
760,Dragon Weaponry,Purchase Dragon Weaponry in Valdrakken from _______.,,15,33,4181037,0,0,0,0,0,0,0,0,0,0,0,0
761,Valdrakken Accord Tabard,Unlock the Valdrakken Accord Tabard in Valdrakken from _______.,,15,25,4569780,0,0,0,0,0,0,0,0,0,0,0,0
762,Valdrakken Civilian Ensembles,Purchase Valdrakken Civilian Ensembles in Valdrakken from _______.,,15,13,4464849,0,0,0,0,0,0,0,0,0,0,0,0
763,Ally of the Dragonflights,Unlock the Ally of the Dragonflights title.,,15,35,4569780,0,0,0,0,0,0,0,0,0,0,0,0
764,Mount Customization I,"Purchase brow, crest and jaw mount customizations for your Dragon Isle drakes in Valdrakken from ____.",,15,9,4622502,0,0,0,0,0,0,0,0,0,0,0,0
765,Mount Customization II,"Purchase tail, horn and pattern mount customizations for your Dragon Isle drakes in Valdrakken from ____.",,15,20,4622502,0,0,0,0,0,0,0,0,0,0,0,0
766,Mount Customization III,Purchase mount customizations that unlock the Bronze Skin Color for your Dragon Isle drakes in Valdrakken from ____.,,15,29,4622502,0,0,0,0,0,0,0,0,0,0,0,0
767,Mount Customization IV,Unlock the Silver and Purple armor for your Dragon Isle drakes as well as the ability to set other armor colors you unlock in Valdrakken from ____.,,15,35,4571779,0,0,0,0,0,0,0,0,0,0,0,0
768,Quest Line: Valdrakken Quest Line 1,Gain access to the first chapter of the Valdrakken Accord's efforts in the Dragon Isles.,,15,12,236669,0,0,0,0,0,0,0,0,0,0,0,0
769,Quest Line: Valdrakken Quest Line 2,Gain access to the second chapter of the Valdrakken Accord's efforts in the Dragon Isles.,,15,21,236669,0,0,0,0,0,0,0,0,0,0,0,0
770,Valdrakken Equipment I,Purchase Jeweled Titan Belts that are item level 385 in Iskaara from _______.,,15,19,4182955,0,0,0,0,0,0,0,0,0,0,0,0
771,Valdrakken Equipment II,Purchase Valdrakken Helms that are item level 398 in Iskaara from _______.,,15,34,4182961,0,0,0,0,0,0,0,0,0,0,0,0
772,Siege on Dragonbane Keep,Unlock the Siege on Dragonbane Keep scenarion in the Waking Shores.,,15,6,1380676,0,0,0,0,0,0,0,0,0,0,0,0
773,Advanced Dragonriding Races,Unlock the Advanced Drgonriding Races in the Dragon Isles.,,15,8,1100022,0,0,0,0,0,0,0,0,0,0,0,0
774,Bonus Supplies I,Gain a 25% chance to gather double Dragon Isles Supplies from Supply Laden humanoids.,,15,11,133652,0,0,0,0,0,0,0,0,0,0,0,0
775,Bonus Supplies II,Increase the chance to gather double Dragon Isles Supplies from Supply Laden humanoids to 50%.,,15,26,133652,0,0,0,0,0,0,0,0,0,0,0,0
776,Referrel Bonus I,Increase the Valdrakken Accord reputation gain of characters on your account under Renown 10 by 25%.,,15,14,413570,0,0,0,0,0,0,0,0,0,0,0,0
777,Referrel Bonus II,Increase the Valdrakken Accord reputation gain of characters on your account under Renown 20 by 50%.,,15,23,413570,0,0,0,0,0,0,0,0,0,0,0,0
778,Referrel Bonus III,Increase the Valdrakken Accord reputation gain of characters on your account under Renown 30 by 75%.,,15,31,413570,0,0,0,0,0,0,0,0,0,0,0,0
779,,,,15,4,0,0,0,198868,0,0,0,0,0,0,0,0,0
780,,,,15,7,0,0,0,198868,0,0,0,0,0,0,0,0,0
781,,,,15,15,0,0,0,198868,0,0,0,0,0,0,0,0,0
782,,,,15,18,0,0,0,198869,0,0,0,0,0,0,0,0,0
783,,,,15,24,0,0,0,198869,0,0,0,0,0,0,0,0,0
784,,,,15,30,0,0,0,198869,0,0,0,0,0,0,0,0,0
785,Whelp Rescue,Purchase the Red and Blue Rescued Proto-Whelp pets in Valdrakken from ____.,,15,17,0,0,0,0,0,0,0,0,0,0,0,0,0
786,Schematic: Mech,Purchase the Schematic: Mechanical Dragonling Tinker in Valdrakken from ______.,,15,12,236669,0,0,0,0,0,0,0,0,0,0,0,0
